[
  {
    "chat_id": 482802934,
    "message_id": 5315,
    "timestamp": "2024-07-27T18:54:52.473Z"
  },
  {
    "chat_id": 482802934,
    "message_id": 5316,
    "timestamp": "2024-07-27T18:55:23.465Z"
  },
  {
    "chat_id": 778831833,
    "message_id": 5360,
    "timestamp": "2024-07-27T19:55:45.000Z"
  },
  {
    "chat_id": 778831833,
    "message_id": 5361,
    "timestamp": "2024-07-27T19:56:15.819Z"
  },
  {
    "chat_id": 778831833,
    "message_id": 5371,
    "timestamp": "2024-07-27T20:11:15.818Z"
  },
  {
    "chat_id": 487803470,
    "message_id": 5403,
    "timestamp": "2024-07-27T20:12:27.488Z"
  },
  {
    "chat_id": 487803470,
    "message_id": 5404,
    "timestamp": "2024-07-27T20:12:58.622Z"
  },
  {
    "chat_id": 778831833,
    "message_id": 5405,
    "timestamp": "2024-07-27T20:14:15.781Z"
  },
  {
    "chat_id": 681498045,
    "message_id": 5424,
    "timestamp": "2024-07-27T20:17:28.862Z"
  },
  {
    "chat_id": 681498045,
    "message_id": 5425,
    "timestamp": "2024-07-27T20:17:59.037Z"
  },
  {
    "chat_id": 778831833,
    "message_id": 5426,
    "timestamp": "2024-07-27T20:24:15.845Z"
  },
  {
    "chat_id": 681498045,
    "message_id": 5427,
    "timestamp": "2024-07-27T20:24:29.066Z"
  },
  {
    "chat_id": 778831833,
    "message_id": 5428,
    "timestamp": "2024-07-27T20:25:16.407Z"
  },
  {
    "chat_id": 681498045,
    "message_id": 5429,
    "timestamp": "2024-07-27T20:25:29.057Z"
  },
  {
    "chat_id": 778831833,
    "message_id": 5430,
    "timestamp": "2024-07-27T20:26:15.921Z"
  },
  {
    "chat_id": 681498045,
    "message_id": 5431,
    "timestamp": "2024-07-27T20:26:29.101Z"
  },
  {
    "chat_id": 778831833,
    "message_id": 5444,
    "timestamp": "2024-07-27T20:35:16.087Z"
  },
  {
    "chat_id": 681498045,
    "message_id": 5445,
    "timestamp": "2024-07-27T20:35:29.086Z"
  },
  {
    "chat_id": 778831833,
    "message_id": 5446,
    "timestamp": "2024-07-27T20:42:16.541Z"
  },
  {
    "chat_id": 681498045,
    "message_id": 5447,
    "timestamp": "2024-07-27T20:42:29.119Z"
  },
  {
    "chat_id": 778831833,
    "message_id": 5448,
    "timestamp": "2024-07-27T20:49:15.974Z"
  },
  {
    "chat_id": 681498045,
    "message_id": 5449,
    "timestamp": "2024-07-27T20:49:29.147Z"
  },
  {
    "chat_id": 778831833,
    "message_id": 5450,
    "timestamp": "2024-07-27T20:51:15.988Z"
  },
  {
    "chat_id": 681498045,
    "message_id": 5451,
    "timestamp": "2024-07-27T20:51:29.179Z"
  },
  {
    "chat_id": 778831833,
    "message_id": 5452,
    "timestamp": "2024-07-27T20:53:16.309Z"
  },
  {
    "chat_id": 681498045,
    "message_id": 5453,
    "timestamp": "2024-07-27T20:53:29.286Z"
  },
  {
    "chat_id": 778831833,
    "message_id": 5454,
    "timestamp": "2024-07-27T20:55:15.915Z"
  },
  {
    "chat_id": 681498045,
    "message_id": 5455,
    "timestamp": "2024-07-27T20:55:29.167Z"
  },
  {
    "chat_id": 778831833,
    "message_id": 5456,
    "timestamp": "2024-07-27T21:01:16.484Z"
  },
  {
    "chat_id": 681498045,
    "message_id": 5457,
    "timestamp": "2024-07-27T21:01:29.224Z"
  },
  {
    "chat_id": 778831833,
    "message_id": 5458,
    "timestamp": "2024-07-27T21:03:16.329Z"
  },
  {
    "chat_id": 681498045,
    "message_id": 5459,
    "timestamp": "2024-07-27T21:03:29.235Z"
  },
  {
    "chat_id": 778831833,
    "message_id": 5460,
    "timestamp": "2024-07-27T21:10:16.446Z"
  },
  {
    "chat_id": 778831833,
    "message_id": 5461,
    "timestamp": "2024-07-27T21:10:16.959Z"
  },
  {
    "chat_id": 681498045,
    "message_id": 5462,
    "timestamp": "2024-07-27T21:10:29.262Z"
  },
  {
    "chat_id": 681498045,
    "message_id": 5463,
    "timestamp": "2024-07-27T21:10:29.346Z"
  },
  {
    "chat_id": 778831833,
    "message_id": 5464,
    "timestamp": "2024-07-27T21:30:16.235Z"
  },
  {
    "chat_id": 681498045,
    "message_id": 5465,
    "timestamp": "2024-07-27T21:30:29.265Z"
  },
  {
    "chat_id": 778831833,
    "message_id": 5466,
    "timestamp": "2024-07-27T21:36:16.378Z"
  },
  {
    "chat_id": 681498045,
    "message_id": 5467,
    "timestamp": "2024-07-27T21:36:29.280Z"
  },
  {
    "chat_id": 778831833,
    "message_id": 5468,
    "timestamp": "2024-07-27T21:39:16.210Z"
  },
  {
    "chat_id": 681498045,
    "message_id": 5469,
    "timestamp": "2024-07-27T21:39:29.331Z"
  },
  {
    "chat_id": 778831833,
    "message_id": 5470,
    "timestamp": "2024-07-27T21:54:16.223Z"
  },
  {
    "chat_id": 681498045,
    "message_id": 5471,
    "timestamp": "2024-07-27T21:54:29.359Z"
  },
  {
    "chat_id": 778831833,
    "message_id": 5472,
    "timestamp": "2024-07-27T21:55:16.229Z"
  },
  {
    "chat_id": 681498045,
    "message_id": 5473,
    "timestamp": "2024-07-27T21:55:29.378Z"
  },
  {
    "chat_id": 487803470,
    "message_id": 5477,
    "timestamp": "2024-07-27T22:01:27.984Z"
  },
  {
    "chat_id": 339637034,
    "message_id": 5522,
    "timestamp": "2024-07-28T09:30:35.593Z"
  }
]