[
  {
    "productId": 4817025726,
    "title": "Koszula Polo Ralph Lauren",
    "url": "https://www.vinted.pl/items/4817025726-koszula-polo-ralph-lauren",
    "image": "https://images1.vinted.net/tc/03_0198f_tMDjH2QuY9CDtBMHkvEBnsFY/1722120232.jpeg?s=369d75b0d872d8e9d75cc6990ffd3c35ee0736b5",
    "promoted": false,
    "favourites": 0,
    "brand": "Ralph Lauren",
    "size": "44",
    "price": {
      "amount": "50.0",
      "currency": "PLN",
      "discount": null,
      "fees": "3.2",
      "totalAmount": "53.2"
    },
    "seller": {
      "userId": 93534342,
      "username": "mikolajbizmesmen",
      "profile": "https://www.vinted.pl/member/93534342-mikolajbizmesmen",
      "profilePicture": "https://images1.vinted.net/t/01_008c0_z4NFcvu5CXdbg3duqxbbGzyK/f800/1722069316.jpeg?s=dc387f46dda800240e2e51ec2244ed29814e28fb"
    },
    "category": 5
  },
  {
    "productId": 4817025454,
    "title": "Vintage Polo Ralph Lauren Shirt Chief Keef Y2K XL",
    "url": "https://www.vinted.pl/items/4817025454-vintage-polo-ralph-lauren-shirt-chief-keef-y2k-xl",
    "image": "https://images1.vinted.net/tc/01_01727_sFQZF5Cx1L46jk6igMpQixrU/1722120212.jpeg?s=79772fb669934c9d018f996204aafe74fa5ccbc6",
    "promoted": false,
    "favourites": 0,
    "brand": "Ralph Lauren",
    "size": "XL",
    "price": {
      "amount": "200.0",
      "currency": "PLN",
      "discount": null,
      "fees": "10.7",
      "totalAmount": "210.7"
    },
    "seller": {
      "userId": 199241317,
      "username": "lautaroarchivum",
      "profile": "https://www.vinted.pl/member/199241317-lautaroarchivum",
      "profilePicture": "https://images1.vinted.net/t/02_00896_HMT4wTCqRQ3eUpknndjxAakv/f800/1713303202.jpeg?s=5ec8104ad307577d475c4622ddc0916cfcc1f71e"
    },
    "category": 5
  },
  {
    "productId": 4817014246,
    "title": "Ralph Lauren polo earth Antilles Vetiver 40ml",
    "url": "https://www.vinted.pl/items/4817014246-ralph-lauren-polo-earth-antilles-vetiver-40ml",
    "image": "https://images1.vinted.net/tc/02_023e7_ycDeSXMPER6kBkHbq3Bqpu24/1722119449.jpeg?s=65697ed810fc6a6c32ee6ab82b0329732483d91d",
    "promoted": false,
    "favourites": 0,
    "brand": "Ralph Lauren",
    "size": null,
    "price": {
      "amount": "170.21",
      "currency": "PLN",
      "discount": null,
      "fees": "9.21",
      "totalAmount": "179.42"
    },
    "seller": {
      "userId": 124168779,
      "username": "eeev22",
      "profile": "https://www.vinted.pl/member/124168779-eeev22",
      "profilePicture": "https://images1.vinted.net/t/01_001e5_N9j6TwxRrHVZ2oHKhC4XSTPu/f800/1670851549.jpeg?s=2c9d8eb95de3f941eed65f96f73e0d0e9e3d1ae5"
    },
    "category": 5
  },
  {
    "productId": 4816999590,
    "title": "Ralph Lauren polosport spellout polo / tee",
    "url": "https://www.vinted.pl/items/4816999590-ralph-lauren-polosport-spellout-polo-tee",
    "image": "https://images1.vinted.net/tc/02_01c3f_b89ENydFXdNFhxSq4Dcg6bop/1722118538.jpeg?s=a9e96905ad3259fef9c471ed82b887a348534caa",
    "promoted": false,
    "favourites": 0,
    "brand": "Ralph Lauren",
    "size": "L",
    "price": {
      "amount": "132.75",
      "currency": "PLN",
      "discount": null,
      "fees": "7.34",
      "totalAmount": "140.09"
    },
    "seller": {
      "userId": 129342031,
      "username": "romeostuffs",
      "profile": "https://www.vinted.pl/member/129342031-romeostuffs",
      "profilePicture": "https://images1.vinted.net/t/03_02417_Ah3gRXDso9fS2L4xfM17gj3H/f800/1679521031.jpeg?s=e1f3fdd3f065780cfc69ff5d09248b927d214cda"
    },
    "category": 5
  },
  {
    "productId": 4816981933,
    "title": "Bluza Stone&Island",
    "url": "https://www.vinted.pl/items/4816981933-bluza-stoneisland",
    "image": "https://images1.vinted.net/tc/03_01f0f_qpTY1epuKZ7wAgf4aVnmFbAc/1722117602.jpeg?s=2dee3f635e78f666e3cbc1e5df6e22920204a812",
    "promoted": false,
    "favourites": 0,
    "brand": "Stone Island",
    "size": "XL",
    "price": {
      "amount": "230.0",
      "currency": "PLN",
      "discount": null,
      "fees": "12.2",
      "totalAmount": "242.2"
    },
    "seller": {
      "userId": 219304358,
      "username": "m4ti320",
      "profile": "https://www.vinted.pl/member/219304358-m4ti320",
      "profilePicture": null
    },
    "category": 5
  },
  {
    "productId": 4816974109,
    "title": "chief keef y2k polo",
    "url": "https://www.vinted.pl/items/4816974109-chief-keef-y2k-polo",
    "image": "https://images1.vinted.net/tc/02_00f41_eGZCBUVfoqMrPxoUteZYT6EM/1722117221.jpeg?s=bec3ace1e1b55871b30b2e84aa47fdcf51dbcf2f",
    "promoted": false,
    "favourites": 0,
    "brand": "Ralph Lauren",
    "size": "XL",
    "price": {
      "amount": "50.0",
      "currency": "PLN",
      "discount": null,
      "fees": "3.2",
      "totalAmount": "53.2"
    },
    "seller": {
      "userId": 99011833,
      "username": "zxid111",
      "profile": "https://www.vinted.pl/member/99011833-zxid111",
      "profilePicture": "https://images1.vinted.net/t/03_0084a_jMQnAjs87i2UM9ALmZQov4th/f800/1716328636.jpeg?s=41d026fb01f5c7155bf100c1f73e2af49b8eff78"
    },
    "category": 5
  },
  {
    "productId": 4816973624,
    "title": "Męska koszulka polo Ralph Lauren rozmiar L",
    "url": "https://www.vinted.pl/items/4816973624-meska-koszulka-polo-ralph-lauren-rozmiar-l",
    "image": "https://images1.vinted.net/tc/02_009b1_aG3k4VjYHC7J7Kbcq1RRzRB7/1722117199.jpeg?s=1ec21cf020d876289afce4a5c5cfa1f986d28e51",
    "promoted": false,
    "favourites": 1,
    "brand": "Ralph Lauren",
    "size": "L",
    "price": {
      "amount": "38.0",
      "currency": "PLN",
      "discount": null,
      "fees": "2.6",
      "totalAmount": "40.6"
    },
    "seller": {
      "userId": 106983278,
      "username": "cornel93",
      "profile": "https://www.vinted.pl/member/106983278-cornel93",
      "profilePicture": "https://images1.vinted.net/t/01_01247_uQMJUS6uT9wKM7qsfpFUWNov/f800/1664119886.jpeg?s=e698a2d151effb51d56f0b7b60eb3372379741f9"
    },
    "category": 5
  },
  {
    "productId": 4816952611,
    "title": "Bluza męska z długim rękawem Polo Ralph Lauren rozmiar M",
    "url": "https://www.vinted.pl/items/4816952611-bluza-meska-z-dlugim-rekawem-polo-ralph-lauren-rozmiar-m",
    "image": "https://images1.vinted.net/tc/03_01f00_rV5fQ1BE672NGJYY5x6KrdWJ/1722116715.jpeg?s=209061819881b44b3772f318392505422b048391",
    "promoted": false,
    "favourites": 1,
    "brand": "Ralph Lauren",
    "size": "M",
    "price": {
      "amount": "59.0",
      "currency": "PLN",
      "discount": null,
      "fees": "3.65",
      "totalAmount": "62.65"
    },
    "seller": {
      "userId": 171421794,
      "username": "perelki_z_szafy_zosi",
      "profile": "https://www.vinted.pl/member/171421794-perelkizszafyzosi",
      "profilePicture": "https://images1.vinted.net/t/03_00a1d_tti6oATAuZuNd8SDiC2CEdoR/f800/1699729898.jpeg?s=d68451c814bd3719ee74d1194cf232bc9d231d1f"
    },
    "category": 5
  },
  {
    "productId": 4816948796,
    "title": "T-shirt męski",
    "url": "https://www.vinted.pl/items/4816948796-t-shirt-meski",
    "image": "https://images1.vinted.net/tc/01_01dc4_521ReNbWSq5SUB1wWiS4BhEz/r2/1722116175.jpeg?s=0bc5e6d29aef1aa957b3363510b2165261f5526e",
    "promoted": false,
    "favourites": 1,
    "brand": "Ralph Lauren",
    "size": "L",
    "price": {
      "amount": "60.0",
      "currency": "PLN",
      "discount": null,
      "fees": "3.7",
      "totalAmount": "63.7"
    },
    "seller": {
      "userId": 168723254,
      "username": "zaniewkaa",
      "profile": "https://www.vinted.pl/member/168723254-zaniewkaa",
      "profilePicture": "https://images1.vinted.net/t/02_01a54_uY97GqmbNiHBpiqKdcENbX8X/f800/1698910649.jpeg?s=a09570c0f89137d73b281e8a799c1590ef67200a"
    },
    "category": 5
  },
  {
    "productId": 4816939614,
    "title": "Ralph Lauren",
    "url": "https://www.vinted.pl/items/4816939614-ralph-lauren",
    "image": "https://images1.vinted.net/tc/01_0126a_ZFRC2xQvuhVumpEggzkvaNQp/1722115780.jpeg?s=4d5f588f9f73c690c5410f86970866bde49d0a61",
    "promoted": false,
    "favourites": 0,
    "brand": "Ralph Lauren",
    "size": "M",
    "price": {
      "amount": "30.0",
      "currency": "PLN",
      "discount": null,
      "fees": "2.2",
      "totalAmount": "32.2"
    },
    "seller": {
      "userId": 218274916,
      "username": "1przyjdziesz23",
      "profile": "https://www.vinted.pl/member/218274916-1przyjdziesz23",
      "profilePicture": "https://images1.vinted.net/t/03_025e8_ACdQMAeVg5nE5Q1PzZiYx375/f800/1721570087.jpeg?s=7cbe44f3dff77dda37dc5a2939b4546c79419f31"
    },
    "category": 5
  },
  {
    "productId": 4816924604,
    "title": "ralph lauren póló",
    "url": "https://www.vinted.pl/items/4816924604-ralph-lauren-polo",
    "image": "https://images1.vinted.net/tc/02_00896_vSMP5BQCtZ3Gornu3waLaFMp/1722115230.jpeg?s=655a5b5abab4debb17f60afa0c0414a145d3a71f",
    "promoted": false,
    "favourites": 0,
    "brand": "Ralph Lauren",
    "size": "XL",
    "price": {
      "amount": "131.66",
      "currency": "PLN",
      "discount": null,
      "fees": "7.28",
      "totalAmount": "138.94"
    },
    "seller": {
      "userId": 171704794,
      "username": "nagyadin",
      "profile": "https://www.vinted.pl/member/171704794-nagyadin",
      "profilePicture": "https://images1.vinted.net/t/03_00378_DwShkBLrj3ZiFeVpW1VEVuHE/f800/1718382104.jpeg?s=097a0a9e6d8e164535f307b951e710294f44013c"
    },
    "category": 5
  },
  {
    "productId": 4816923415,
    "title": "Koszulka męska Polo Ralph Lauren rozmiar L",
    "url": "https://www.vinted.pl/items/4816923415-koszulka-meska-polo-ralph-lauren-rozmiar-l",
    "image": "https://images1.vinted.net/tc/03_02563_jwTtTmRgQFzhTNaGQSxygzuc/1722115187.jpeg?s=a63e7a217171f736ef1be10048ee2e2222d3921d",
    "promoted": false,
    "favourites": 2,
    "brand": "Ralph Lauren",
    "size": "L",
    "price": {
      "amount": "170.0",
      "currency": "PLN",
      "discount": null,
      "fees": "9.2",
      "totalAmount": "179.2"
    },
    "seller": {
      "userId": 188255639,
      "username": "alka7771",
      "profile": "https://www.vinted.pl/member/188255639-alka7771",
      "profilePicture": "https://images1.vinted.net/t/03_0141b_SHAUocrmS3oATZ5S1in8jTyy/f800/1708122140.jpeg?s=6fac7e9fe760fd0a49a0735d39be37f6078f8c4b"
    },
    "category": 5
  },
  {
    "productId": 4796540210,
    "title": "Czapki ralph Lauren 140,  new era Atlanta",
    "url": "https://www.vinted.pl/items/4796540210-czapki-ralph-lauren-140-new-era-atlanta",
    "image": "https://images1.vinted.net/tc/01_01ea5_bFKAQTgXgPgrwJYbxC2Z2Uf4/1721668367.jpeg?s=a656a46a4855c829ad9040b6f0e6e96e1ba92624",
    "promoted": false,
    "favourites": 1,
    "brand": "Ralph Lauren",
    "size": "Uniwersalny",
    "price": {
      "amount": "150.0",
      "currency": "PLN",
      "discount": null,
      "fees": "8.2",
      "totalAmount": "158.2"
    },
    "seller": {
      "userId": 218478564,
      "username": "lucass1990meow",
      "profile": "https://www.vinted.pl/member/218478564-lucass1990meow",
      "profilePicture": null
    },
    "category": 5
  },
  {
    "productId": 4816906082,
    "title": "Polo Ralph Lauren trøje",
    "url": "https://www.vinted.pl/items/4816906082-polo-ralph-lauren-troje",
    "image": "https://images1.vinted.net/tc/01_00c71_Vd3FkgGUgsQBtR5GkBh4Gu3b/1722114587.jpeg?s=87bd8bdc91a855a92a0055a0282980bb78a9d447",
    "promoted": false,
    "favourites": 0,
    "brand": "Ralph Lauren",
    "size": "XL",
    "price": {
      "amount": "202.68",
      "currency": "PLN",
      "discount": null,
      "fees": "10.83",
      "totalAmount": "213.51"
    },
    "seller": {
      "userId": 219336635,
      "username": "violaharritz",
      "profile": "https://www.vinted.pl/member/219336635-violaharritz",
      "profilePicture": null
    },
    "category": 5
  },
  {
    "productId": 4816905291,
    "title": "Ralph Lauren spodenki szorty, rozmiar XL",
    "url": "https://www.vinted.pl/items/4816905291-ralph-lauren-spodenki-szorty-rozmiar-xl",
    "image": "https://images1.vinted.net/tc/01_0003a_wc6QsZdHUZ1qucefUQdqnpeM/1722114559.jpeg?s=52b03efeb39c15d06b3ea0d366d91a95919aaeb4",
    "promoted": false,
    "favourites": 2,
    "brand": "Ralph Lauren",
    "size": "XL",
    "price": {
      "amount": "79.0",
      "currency": "PLN",
      "discount": null,
      "fees": "4.65",
      "totalAmount": "83.65"
    },
    "seller": {
      "userId": 115237085,
      "username": "ralphtommy33",
      "profile": "https://www.vinted.pl/member/115237085-ralphtommy33",
      "profilePicture": "https://images1.vinted.net/t/02_00f26_izMFrg7K5DYa6TGnw4i1wbqH/f800/1713460102.jpeg?s=85bf760b1623f8867d85213665edd14152f4658a"
    },
    "category": 5
  },
  {
    "productId": 4816904828,
    "title": "polówka ralp laurent",
    "url": "https://www.vinted.pl/items/4816904828-polowka-ralp-laurent",
    "image": "https://images1.vinted.net/tc/03_02431_pwH1afNMsTDuuJSVLqvq6vvH/1722114543.jpeg?s=1a9faf1af7ac728335dbc0f0e32bc8f7e67f085d",
    "promoted": false,
    "favourites": 2,
    "brand": "Ralph Lauren",
    "size": "XL",
    "price": {
      "amount": "30.0",
      "currency": "PLN",
      "discount": null,
      "fees": "2.2",
      "totalAmount": "32.2"
    },
    "seller": {
      "userId": 108722073,
      "username": "roland_0",
      "profile": "https://www.vinted.pl/member/108722073-roland0",
      "profilePicture": "https://images1.vinted.net/t/03_00fcc_rXmhXLybbUTLRgfeJPJvwdZG/f800/1720610513.jpeg?s=377005e65a8a16036679114d4e92019895e4fb62"
    },
    "category": 5
  },
  {
    "productId": 4816892432,
    "title": "Ralph Lauren spodenki szorty, rozmiar L",
    "url": "https://www.vinted.pl/items/4816892432-ralph-lauren-spodenki-szorty-rozmiar-l",
    "image": "https://images1.vinted.net/tc/01_007bd_vpcewpsL152gsqWg6nYBe6ys/1722114140.jpeg?s=8ecc716c6cb6ad7309eb80eaec285fe880559a4a",
    "promoted": false,
    "favourites": 0,
    "brand": "Ralph Lauren",
    "size": "L",
    "price": {
      "amount": "79.0",
      "currency": "PLN",
      "discount": null,
      "fees": "4.65",
      "totalAmount": "83.65"
    },
    "seller": {
      "userId": 115237085,
      "username": "ralphtommy33",
      "profile": "https://www.vinted.pl/member/115237085-ralphtommy33",
      "profilePicture": "https://images1.vinted.net/t/02_00f26_izMFrg7K5DYa6TGnw4i1wbqH/f800/1713460102.jpeg?s=85bf760b1623f8867d85213665edd14152f4658a"
    },
    "category": 5
  },
  {
    "productId": 4816887704,
    "title": "Ralph Lauren spodenki szorty, rozmiar L",
    "url": "https://www.vinted.pl/items/4816887704-ralph-lauren-spodenki-szorty-rozmiar-l",
    "image": "https://images1.vinted.net/tc/01_01f15_1AmRzEKU6nDLzgS5ojPWRNZU/1722113993.jpeg?s=1c13f70be10ad553cfb912c207b6a618c6d1190a",
    "promoted": false,
    "favourites": 0,
    "brand": "Ralph Lauren",
    "size": "L",
    "price": {
      "amount": "79.0",
      "currency": "PLN",
      "discount": null,
      "fees": "4.65",
      "totalAmount": "83.65"
    },
    "seller": {
      "userId": 115237085,
      "username": "ralphtommy33",
      "profile": "https://www.vinted.pl/member/115237085-ralphtommy33",
      "profilePicture": "https://images1.vinted.net/t/02_00f26_izMFrg7K5DYa6TGnw4i1wbqH/f800/1713460102.jpeg?s=85bf760b1623f8867d85213665edd14152f4658a"
    },
    "category": 5
  },
  {
    "productId": 4816871200,
    "title": "Ralph Lauren XL Polo",
    "url": "https://www.vinted.pl/items/4816871200-ralph-lauren-xl-polo",
    "image": "https://images1.vinted.net/tc/03_01e7e_DUEbwzCJ5Xzk5ELtAhpm1EZU/1722113497.jpeg?s=5bb09257337f875403bcfb4eab9e3805b0d9f9f6",
    "promoted": false,
    "favourites": 0,
    "brand": "Ralph Lauren",
    "size": "XL",
    "price": {
      "amount": "78.0",
      "currency": "PLN",
      "discount": null,
      "fees": "4.6",
      "totalAmount": "82.6"
    },
    "seller": {
      "userId": 211419728,
      "username": "mybodymychoice",
      "profile": "https://www.vinted.pl/member/211419728-mybodymychoice",
      "profilePicture": "https://images1.vinted.net/t/01_01af3_7i8ZmYuTchnZFG5Ry6f1BFvu/f800/1718292003.jpeg?s=5071b1436e69e4bf4cab1402b1e9e232e0ffcb6d"
    },
    "category": 5
  },
  {
    "productId": 4816877028,
    "title": "Ralph lauren",
    "url": "https://www.vinted.pl/items/4816877028-ralph-lauren",
    "image": "https://images1.vinted.net/tc/02_022f1_F5cTSDkjExqQjM9SP74TkdKp/1722113672.jpeg?s=c666e8de189b754917647f2fa98761eb27ff7a6c",
    "promoted": false,
    "favourites": 2,
    "brand": "Ralph Lauren",
    "size": "M",
    "price": {
      "amount": "54.88",
      "currency": "PLN",
      "discount": null,
      "fees": "3.44",
      "totalAmount": "58.32"
    },
    "seller": {
      "userId": 154329163,
      "username": "felipeandersson",
      "profile": "https://www.vinted.pl/member/154329163-felipeandersson",
      "profilePicture": "https://images1.vinted.net/t/03_01ec7_o8ZQ1E8D7amjXBBEeWS3pBfN/f800/1710361883.jpeg?s=9732b1de5dacab47a3240a453b963923a33b13c0"
    },
    "category": 5
  },
  {
    "productId": 4816872247,
    "title": "Ralph Lauren spodenki szorty, rozmiar L",
    "url": "https://www.vinted.pl/items/4816872247-ralph-lauren-spodenki-szorty-rozmiar-l",
    "image": "https://images1.vinted.net/tc/02_00918_WrVME42sPRMuEKDUCPrRv4P6/1722113528.jpeg?s=d4d9c87d5957db7b2b7e1f0a1ffc926091227500",
    "promoted": false,
    "favourites": 1,
    "brand": "Ralph Lauren",
    "size": "L",
    "price": {
      "amount": "79.0",
      "currency": "PLN",
      "discount": null,
      "fees": "4.65",
      "totalAmount": "83.65"
    },
    "seller": {
      "userId": 115237085,
      "username": "ralphtommy33",
      "profile": "https://www.vinted.pl/member/115237085-ralphtommy33",
      "profilePicture": "https://images1.vinted.net/t/02_00f26_izMFrg7K5DYa6TGnw4i1wbqH/f800/1713460102.jpeg?s=85bf760b1623f8867d85213665edd14152f4658a"
    },
    "category": 5
  },
  {
    "productId": 4816871840,
    "title": "Koszulka Ralph Lauren granatowa",
    "url": "https://www.vinted.pl/items/4816871840-koszulka-ralph-lauren-granatowa",
    "image": "https://images1.vinted.net/tc/02_02115_PDZxTgnhqxAnPDPTVndZbYh5/1722113516.jpeg?s=1c321b2c0c3a9d7f22bb0e109f9f54d90888e69d",
    "promoted": false,
    "favourites": 1,
    "brand": "Ralph Lauren",
    "size": "S",
    "price": {
      "amount": "35.0",
      "currency": "PLN",
      "discount": null,
      "fees": "2.45",
      "totalAmount": "37.45"
    },
    "seller": {
      "userId": 214907449,
      "username": "szczepakowski",
      "profile": "https://www.vinted.pl/member/214907449-szczepakowski",
      "profilePicture": "https://images1.vinted.net/t/02_00072_314qMv6ZEeowYDX5fyt5LhPe/f800/1722028203.jpeg?s=e2880babba5a66b2ea8c17e81fbdc5c0f57baea7"
    },
    "category": 5
  },
  {
    "productId": 4812954282,
    "title": "Buckethut Ralph lauren",
    "url": "https://www.vinted.pl/items/4812954282-buckethut-ralph-lauren",
    "image": "https://images1.vinted.net/tc/03_018f7_FwjJnG1uW2cEEARh7Ln7TvD5/1722020748.jpeg?s=c143ebc6f62e95f3a1660ee10f57f6714bfd5333",
    "promoted": false,
    "favourites": 3,
    "brand": "Ralph Lauren",
    "size": "Uniwersalny",
    "price": {
      "amount": "70.0",
      "currency": "PLN",
      "discount": null,
      "fees": "4.2",
      "totalAmount": "74.2"
    },
    "seller": {
      "userId": 90889246,
      "username": "bojsan",
      "profile": "https://www.vinted.pl/member/90889246-bojsan",
      "profilePicture": "https://images1.vinted.net/t/03_0065c_hCkR88vrPweQAek7Rx1Vg697/f800/1652769132.jpeg?s=b8740b0b673d4931c2d86694b09bba744072bc28"
    },
    "category": 5
  },
  {
    "productId": 4816868408,
    "title": "Męska czerwona koszulka polo Ralph Lauren r. XL",
    "url": "https://www.vinted.pl/items/4816868408-meska-czerwona-koszulka-polo-ralph-lauren-r-xl",
    "image": "https://images1.vinted.net/tc/03_000ac_AbFoudvv1cBQmCK6u1sqQYJx/1722113413.jpeg?s=e8100cb3fd6a932555b200a7434c5f2b0d875ae5",
    "promoted": false,
    "favourites": 0,
    "brand": "Ralph Lauren",
    "size": "XL",
    "price": {
      "amount": "50.0",
      "currency": "PLN",
      "discount": null,
      "fees": "3.2",
      "totalAmount": "53.2"
    },
    "seller": {
      "userId": 90975809,
      "username": "krysia19924",
      "profile": "https://www.vinted.pl/member/90975809-krysia19924",
      "profilePicture": "https://images1.vinted.net/t/01_002a5_NmrNcvK8ji4gJEgvUq8GDfa2/f800/1718820415.jpeg?s=97b824c94449b7180dc9a436a14d7f23550d0224"
    },
    "category": 5
  },
  {
    "productId": 4812912184,
    "title": "Spodenki szorty Polo Ralph Lauren",
    "url": "https://www.vinted.pl/items/4812912184-spodenki-szorty-polo-ralph-lauren",
    "image": "https://images1.vinted.net/tc/03_025c5_vzt7DPwfWewYwZ8KwpZExknC/1722019890.jpeg?s=589859e7f30567bd25e8afbe93fa765000d34ad1",
    "promoted": false,
    "favourites": 1,
    "brand": "Ralph Lauren",
    "size": "M",
    "price": {
      "amount": "49.0",
      "currency": "PLN",
      "discount": null,
      "fees": "3.15",
      "totalAmount": "52.15"
    },
    "seller": {
      "userId": 90522083,
      "username": "tanie_ciuszki34",
      "profile": "https://www.vinted.pl/member/90522083-tanieciuszki34",
      "profilePicture": "https://images1.vinted.net/t/02_007a5_HFrMYhEgznyRcdUF1EnrYWin/f800/1718376239.jpeg?s=443538327e9551ecac315425fc09721d5a3a190d"
    },
    "category": 5
  },
  {
    "productId": 4816863761,
    "title": "Ralph Lauren spodenki szorty, rozmiar L",
    "url": "https://www.vinted.pl/items/4816863761-ralph-lauren-spodenki-szorty-rozmiar-l",
    "image": "https://images1.vinted.net/tc/03_01a79_cVwrg8zuhqX1V7V4WNcBWzZ9/1722113277.jpeg?s=d92827c2b6553fe00c65a26f1f7b83b6699b94fe",
    "promoted": false,
    "favourites": 0,
    "brand": "Ralph Lauren",
    "size": "L",
    "price": {
      "amount": "79.0",
      "currency": "PLN",
      "discount": null,
      "fees": "4.65",
      "totalAmount": "83.65"
    },
    "seller": {
      "userId": 115237085,
      "username": "ralphtommy33",
      "profile": "https://www.vinted.pl/member/115237085-ralphtommy33",
      "profilePicture": "https://images1.vinted.net/t/02_00f26_izMFrg7K5DYa6TGnw4i1wbqH/f800/1713460102.jpeg?s=85bf760b1623f8867d85213665edd14152f4658a"
    },
    "category": 5
  },
  {
    "productId": 4816822779,
    "title": "Szary bawełniany longsleeve bluzeczka wygodna basic klasyczna Ralph Lauren 💓",
    "url": "https://www.vinted.pl/items/4816822779-szary-bawelniany-longsleeve-bluzeczka-wygodna-basic-klasyczna-ralph-lauren",
    "image": "https://images1.vinted.net/tc/03_01ec7_QBEe1VuERfbyf8kctMf8uAdA/1722112149.jpeg?s=b29ffe63da286819bb4b7d159d9b576441908b8f",
    "promoted": false,
    "favourites": 0,
    "brand": "Ralph Lauren",
    "size": "XL",
    "price": {
      "amount": "119.0",
      "currency": "PLN",
      "discount": null,
      "fees": "6.65",
      "totalAmount": "125.65"
    },
    "seller": {
      "userId": 91724243,
      "username": "watchmeee",
      "profile": "https://www.vinted.pl/member/91724243-watchmeee",
      "profilePicture": "https://images1.vinted.net/t/02_02682_vM8uNGHUJGGpL4y7NoamUAd3/f800/1652871754.jpeg?s=36d6af9a0b611d386d4144bada0c86a31d610a27"
    },
    "category": 5
  },
  {
    "productId": 4788303521,
    "title": "Koszulka Polo Ralph Lauren drill chief keef USA y2k",
    "url": "https://www.vinted.pl/items/4788303521-koszulka-polo-ralph-lauren-drill-chief-keef-usa-y2k",
    "image": "https://images1.vinted.net/tc/03_01f2e_ymbakAeX1vxQqGSVDwTyTmKv/1721503962.jpeg?s=c5701fb3c653fb340b9a1a5c77b0a2da23fa5b33",
    "promoted": false,
    "favourites": 5,
    "brand": "Ralph Lauren",
    "size": "L",
    "price": {
      "amount": "25.0",
      "currency": "PLN",
      "discount": null,
      "fees": "1.95",
      "totalAmount": "26.95"
    },
    "seller": {
      "userId": 178434699,
      "username": "paula00983245",
      "profile": "https://www.vinted.pl/member/178434699-paula00983245",
      "profilePicture": null
    },
    "category": 5
  },
  {
    "productId": 4816857466,
    "title": "Ralph Lauren skjorte",
    "url": "https://www.vinted.pl/items/4816857466-ralph-lauren-skjorte",
    "image": "https://images1.vinted.net/tc/03_00870_uYrt5aFDUPaw8qoD2Ctqswec/1722113096.jpeg?s=5882f845820a5a61bc4d087ffe4c0cb5878e81ee",
    "promoted": false,
    "favourites": 2,
    "brand": "Ralph Lauren",
    "size": "S",
    "price": {
      "amount": "28.95",
      "currency": "PLN",
      "discount": null,
      "fees": "2.15",
      "totalAmount": "31.1"
    },
    "seller": {
      "userId": 203015705,
      "username": "altheayde",
      "profile": "https://www.vinted.pl/member/203015705-altheayde",
      "profilePicture": null
    },
    "category": 5
  },
  {
    "productId": 4816852415,
    "title": "Stone Island Denim pants",
    "url": "https://www.vinted.pl/items/4816852415-stone-island-denim-pants",
    "image": "https://images1.vinted.net/tc/02_01866_WSEdKy5rSB7taDV9MP1jxt1G/1722112953.jpeg?s=9221d58985a6e0ff55d847c4143457b39b697b7e",
    "promoted": false,
    "favourites": 0,
    "brand": "Stone Island",
    "size": "50 | W33",
    "price": {
      "amount": "191.26",
      "currency": "PLN",
      "discount": null,
      "fees": "10.26",
      "totalAmount": "201.52"
    },
    "seller": {
      "userId": 149506079,
      "username": "laomania",
      "profile": "https://www.vinted.pl/member/149506079-laomania",
      "profilePicture": "https://images1.vinted.net/t/02_017f6_thgKcjyGP3GgXYwBLCaZ3hYb/f800/1709233722.jpeg?s=d02767e7ca0cce3c84de2bdd1c32242c25a995bc"
    },
    "category": 5
  },
  {
    "productId": 4816850244,
    "title": "Koszulka Ralph Lauren",
    "url": "https://www.vinted.pl/items/4816850244-koszulka-ralph-lauren",
    "image": "https://images1.vinted.net/tc/02_019cd_DBc7JHXYG3pDiwUjuaEaZJo7/1722112890.jpeg?s=1ec182b0be335a44a44633275c61126b96a608fa",
    "promoted": false,
    "favourites": 5,
    "brand": "Ralph Lauren",
    "size": "M",
    "price": {
      "amount": "50.0",
      "currency": "PLN",
      "discount": null,
      "fees": "3.2",
      "totalAmount": "53.2"
    },
    "seller": {
      "userId": 205380659,
      "username": "erykolek_231",
      "profile": "https://www.vinted.pl/member/205380659-erykolek231",
      "profilePicture": "https://images1.vinted.net/t/03_0140e_7qTmYFNyptL3Dhp8Wbup8mTH/f800/1715792689.jpeg?s=429d1e4bf74a3bd27741674b7a81480c3e1cdd95"
    },
    "category": 5
  },
  {
    "productId": 4812763144,
    "title": "Spodnie dresowe Ralph Lauren | 87% bawełna",
    "url": "https://www.vinted.pl/items/4812763144-spodnie-dresowe-ralph-lauren-87-bawelna",
    "image": "https://images1.vinted.net/tc/03_00490_GxUX8jEUaMv1RaVWHMLCbo7q/1722016961.jpeg?s=6a3fa9eb55915c1a6faf928081cfe5a95fba15b5",
    "promoted": false,
    "favourites": 2,
    "brand": "Ralph Lauren",
    "size": "L",
    "price": {
      "amount": "65.0",
      "currency": "PLN",
      "discount": null,
      "fees": "3.95",
      "totalAmount": "68.95"
    },
    "seller": {
      "userId": 92822631,
      "username": "marcin07214",
      "profile": "https://www.vinted.pl/member/92822631-marcin07214",
      "profilePicture": "https://images1.vinted.net/t/01_025b5_ajWeeqeb7dV2Lq9W2z1kk2Ep/f800/1653158268.jpeg?s=199d08fbbb78cc997b0701b35d293e9b0615cfe6"
    },
    "category": 5
  },
  {
    "productId": 4816842748,
    "title": "New Polo Ralph Lauren cap",
    "url": "https://www.vinted.pl/items/4816842748-new-polo-ralph-lauren-cap",
    "image": "https://images1.vinted.net/tc/03_00d6a_QvVfbchGsVZbnttEadkPTSP4/1722112682.jpeg?s=b7a510e825484ce0f78a8facd478b92c92d05bc3",
    "promoted": false,
    "favourites": 0,
    "brand": "Ralph Lauren",
    "size": "Uniwersalny",
    "price": {
      "amount": "256.46",
      "currency": "PLN",
      "discount": null,
      "fees": "13.52",
      "totalAmount": "269.98"
    },
    "seller": {
      "userId": 146812083,
      "username": "annaslavic1",
      "profile": "https://www.vinted.pl/member/146812083-annaslavic1",
      "profilePicture": "https://images1.vinted.net/t/03_010f6_x4JSWuNbYhdFFEVXUjGJCKZK/f800/1685351907.jpeg?s=89d2d0c243c072cd02ea00b4bbf2960c93951c66"
    },
    "category": 5
  },
  {
    "productId": 4816834502,
    "title": "Ralph Lauren Polo",
    "url": "https://www.vinted.pl/items/4816834502-ralph-lauren-polo",
    "image": "https://images1.vinted.net/tc/01_006fe_XasiMNnvkY96584cW6b5VGLg/1722112456.jpeg?s=09f16ccb11ccfaff63de445c9a37a38102b575c7",
    "promoted": false,
    "favourites": 0,
    "brand": "Ralph Lauren",
    "size": "L",
    "price": {
      "amount": "70.0",
      "currency": "PLN",
      "discount": null,
      "fees": "4.2",
      "totalAmount": "74.2"
    },
    "seller": {
      "userId": 216443726,
      "username": "nxxer",
      "profile": "https://www.vinted.pl/member/216443726-nxxer",
      "profilePicture": "https://images1.vinted.net/t/01_0074f_msrKhzAjotvJD3ThHYJbCeAj/f800/1720623941.jpeg?s=2f8483a33c54c9dfec8aeafa8f866362787b7e02"
    },
    "category": 5
  },
  {
    "productId": 4816830029,
    "title": "Ralph Lauren jacket kurtka bomberka vintage XS-S",
    "url": "https://www.vinted.pl/items/4816830029-ralph-lauren-jacket-kurtka-bomberka-vintage-xs-s",
    "image": "https://images1.vinted.net/tc/01_0088a_9wpfRaguhKHh8MEVgzPnKRx9/1722112338.jpeg?s=f29d04acbd4e70f081809193f728325939f8872a",
    "promoted": false,
    "favourites": 3,
    "brand": "Ralph Lauren",
    "size": "S",
    "price": {
      "amount": "115.0",
      "currency": "PLN",
      "discount": null,
      "fees": "6.45",
      "totalAmount": "121.45"
    },
    "seller": {
      "userId": 102990755,
      "username": "mati7336",
      "profile": "https://www.vinted.pl/member/102990755-mati7336",
      "profilePicture": "https://images1.vinted.net/t/01_00ff5_EjJcs45rqSMih7SeEg68PrFQ/f800/1713108483.jpeg?s=755b99c30870ec8577591fc0c05fcdb8ace922ab"
    },
    "category": 5
  },
  {
    "productId": 4816814806,
    "title": "Vintage polo Ralph lauren",
    "url": "https://www.vinted.pl/items/4816814806-vintage-polo-ralph-lauren",
    "image": "https://images1.vinted.net/tc/01_01b3f_UjuGEau7zJAic4Tmp35Xn2Qh/1722111945.jpeg?s=59ae0f907ccf42432fc73b3ed0f7086a3e06f366",
    "promoted": false,
    "favourites": 1,
    "brand": "Ralph Lauren",
    "size": "XXL",
    "price": {
      "amount": "43.43",
      "currency": "PLN",
      "discount": null,
      "fees": "2.87",
      "totalAmount": "46.3"
    },
    "seller": {
      "userId": 219311468,
      "username": "f4bis0",
      "profile": "https://www.vinted.pl/member/219311468-f4bis0",
      "profilePicture": "https://images1.vinted.net/t/03_01af4_6Vt3enK9jrinCAb4gBSRsY2t/f800/1722112291.jpeg?s=0429f7ab818e094bda38e393b1f5001f329643a8"
    },
    "category": 5
  },
  {
    "productId": 4816810216,
    "title": "Koszulka Polo Ralph Lauren ciemna zieleń",
    "url": "https://www.vinted.pl/items/4816810216-koszulka-polo-ralph-lauren-ciemna-zielen",
    "image": "https://images1.vinted.net/tc/03_01810_ibrnWmurEPTQy6jVaMNMzowU/1722111829.jpeg?s=5b7f305515413d19883459bdd87659d78565f6e2",
    "promoted": false,
    "favourites": 3,
    "brand": "Ralph Lauren",
    "size": "M",
    "price": {
      "amount": "50.0",
      "currency": "PLN",
      "discount": null,
      "fees": "3.2",
      "totalAmount": "53.2"
    },
    "seller": {
      "userId": 92336692,
      "username": "karmazynowa",
      "profile": "https://www.vinted.pl/member/92336692-karmazynowa",
      "profilePicture": "https://images1.vinted.net/t/02_011ef_NUcCKGywg23TQcd2UZJF41q4/f800/1687373494.jpeg?s=f536daf55c0c9af34107d3a23f0b72301361bb07"
    },
    "category": 5
  },
  {
    "productId": 4816807730,
    "title": "Tricou polo Ralph Lauren",
    "url": "https://www.vinted.pl/items/4816807730-tricou-polo-ralph-lauren",
    "image": "https://images1.vinted.net/tc/03_01512_eUHHKpP9aWaDtc83oXCQaVoL/1722111768.jpeg?s=81a8992d215d24a82d2d40f2e8d9e59b162707fd",
    "promoted": false,
    "favourites": 1,
    "brand": "Ralph Lauren",
    "size": "M",
    "price": {
      "amount": "36.51",
      "currency": "PLN",
      "discount": null,
      "fees": "2.53",
      "totalAmount": "39.04"
    },
    "seller": {
      "userId": 197507955,
      "username": "brecto09",
      "profile": "https://www.vinted.pl/member/197507955-brecto09",
      "profilePicture": "https://images1.vinted.net/t/01_003b1_3aAwdhLmdXAxrM9Bezqd37bm/f800/1719242602.jpeg?s=2c0c1093e0e9373d4d3850528aba40d6286a58a5"
    },
    "category": 5
  },
  {
    "productId": 4816805043,
    "title": "Ralph Lauren Shorts",
    "url": "https://www.vinted.pl/items/4816805043-ralph-lauren-shorts",
    "image": "https://images1.vinted.net/tc/01_00192_QNTEA523CG5fYiQKrmJ7JzbE/1722111700.jpeg?s=f7cac62a6e4e4efd88600bd7d7a78b7eeb8617a6",
    "promoted": false,
    "favourites": 0,
    "brand": "Ralph Lauren",
    "size": "48 | W31",
    "price": {
      "amount": "173.72",
      "currency": "PLN",
      "discount": null,
      "fees": "9.39",
      "totalAmount": "183.11"
    },
    "seller": {
      "userId": 215863303,
      "username": "rasmusroenn",
      "profile": "https://www.vinted.pl/member/215863303-rasmusroenn",
      "profilePicture": null
    },
    "category": 5
  },
  {
    "productId": 4812407944,
    "title": "Ralph Lauren Classic Fit Red Polo T Shirt",
    "url": "https://www.vinted.pl/items/4812407944-ralph-lauren-classic-fit-red-polo-t-shirt",
    "image": "https://images1.vinted.net/tc/03_023ba_Prxn2zmwJU6wqhSKsEVdRi4a/1722011244.jpeg?s=6cc91a4c7d4727e3d7876f5f9aca2c90165bbd74",
    "promoted": false,
    "favourites": 1,
    "brand": "Ralph Lauren",
    "size": "XL",
    "price": {
      "amount": "53.5",
      "currency": "PLN",
      "discount": null,
      "fees": "3.38",
      "totalAmount": "56.88"
    },
    "seller": {
      "userId": 182049727,
      "username": "fredo_santana",
      "profile": "https://www.vinted.pl/member/182049727-fredosantana",
      "profilePicture": "https://images1.vinted.net/t/03_013a0_BuFCqPizfGpCQg9KRZ9J9Cse/f800/1707405732.jpeg?s=fdf7239dbfc77adba8d2ce122e3c18055fd5ae02"
    },
    "category": 5
  },
  {
    "productId": 4812427562,
    "title": "Ralph Lauren Custom Fit Jamaica Polo T Shirt",
    "url": "https://www.vinted.pl/items/4812427562-ralph-lauren-custom-fit-jamaica-polo-t-shirt",
    "image": "https://images1.vinted.net/tc/02_0056d_fM4ki9Hm9RmSqncWnkcse5bJ/1722011525.jpeg?s=f52b85ea5177e631a2e6a493de79d13fb3c972db",
    "promoted": false,
    "favourites": 1,
    "brand": "Ralph Lauren",
    "size": "XXL",
    "price": {
      "amount": "53.5",
      "currency": "PLN",
      "discount": null,
      "fees": "3.38",
      "totalAmount": "56.88"
    },
    "seller": {
      "userId": 182049727,
      "username": "fredo_santana",
      "profile": "https://www.vinted.pl/member/182049727-fredosantana",
      "profilePicture": "https://images1.vinted.net/t/03_013a0_BuFCqPizfGpCQg9KRZ9J9Cse/f800/1707405732.jpeg?s=fdf7239dbfc77adba8d2ce122e3c18055fd5ae02"
    },
    "category": 5
  },
  {
    "productId": 4816693681,
    "title": "Czerwona połówka RL",
    "url": "https://www.vinted.pl/items/4816693681-czerwona-polowka-rl",
    "image": "https://images1.vinted.net/tc/01_024a2_dJTYzYKt764qmvQKacEXFPSg/1722109155.jpeg?s=0d6c86f5181db82d6b4b564293fe18cbac6c2cdb",
    "promoted": false,
    "favourites": 0,
    "brand": "Ralph Lauren",
    "size": "L",
    "price": {
      "amount": "95.0",
      "currency": "PLN",
      "discount": null,
      "fees": "5.45",
      "totalAmount": "100.45"
    },
    "seller": {
      "userId": 91184795,
      "username": "dzastinkas",
      "profile": "https://www.vinted.pl/member/91184795-dzastinkas",
      "profilePicture": "https://images1.vinted.net/t/02_02587_eLaWr8TURGbKb4bwt54bUVLR/f800/1652798076.jpeg?s=8c266e0e469115360cc2d6064a21678e220a583f"
    },
    "category": 5
  },
  {
    "productId": 4816793903,
    "title": "Ralph Lauren Sweater",
    "url": "https://www.vinted.pl/items/4816793903-ralph-lauren-sweater",
    "image": "https://images1.vinted.net/tc/01_026ad_Hgxyv8QvQ2EFppDtuUTZqZFR/1722111421.jpeg?s=56285f82525713a24c616aa2040d299874a8f877",
    "promoted": false,
    "favourites": 0,
    "brand": "Ralph Lauren",
    "size": "XS",
    "price": {
      "amount": "184.16",
      "currency": "PLN",
      "discount": null,
      "fees": "9.91",
      "totalAmount": "194.07"
    },
    "seller": {
      "userId": 172369188,
      "username": "erenlito",
      "profile": "https://www.vinted.pl/member/172369188-erenlito",
      "profilePicture": "https://images1.vinted.net/t/03_00099_R1WrDWicFfLjCjgCSvUoStW4/f800/1700130438.jpeg?s=f1cb7cf6416d9f19f7490c858de014ba1bbce894"
    },
    "category": 5
  },
  {
    "productId": 4816785523,
    "title": "Polo Ralph Lauren 100% Cotton Zip Sweater Rozpinany Bawełniany Sweter Logo Haft 2000s Old Money",
    "url": "https://www.vinted.pl/items/4816785523-polo-ralph-lauren-100-cotton-zip-sweater-rozpinany-bawelniany-sweter-logo-haft-2000s-old-money",
    "image": "https://images1.vinted.net/tc/02_0223f_5GHkAHFWHZjp2Vc1Yr3b2FxM/1722111215.jpeg?s=d194aed40211a27784865bbf8eba570e36492b2b",
    "promoted": false,
    "favourites": 6,
    "brand": "Ralph Lauren",
    "size": "L",
    "price": {
      "amount": "99.99",
      "currency": "PLN",
      "discount": null,
      "fees": "5.7",
      "totalAmount": "105.69"
    },
    "seller": {
      "userId": 185045495,
      "username": "yankee025",
      "profile": "https://www.vinted.pl/member/185045495-yankee025",
      "profilePicture": "https://images1.vinted.net/t/01_02406_fXB5j176ysqPtXf5wj1NEiG6/f800/1706376649.jpeg?s=dce131c95abcc95333561e1b6d5ca9603b843a56"
    },
    "category": 5
  },
  {
    "productId": 4816780122,
    "title": "Ralph Lauren QR polo",
    "url": "https://www.vinted.pl/items/4816780122-ralph-lauren-qr-polo",
    "image": "https://images1.vinted.net/tc/03_00f5d_Xf9tXWrKxvx6TYVLMs4xmHwQ/1722111084.jpeg?s=cb0e5413a8cb2aad504012cd6271bfb5a03e4244",
    "promoted": false,
    "favourites": 0,
    "brand": "Ralph Lauren",
    "size": "L",
    "price": {
      "amount": "132.75",
      "currency": "PLN",
      "discount": null,
      "fees": "7.34",
      "totalAmount": "140.09"
    },
    "seller": {
      "userId": 129342031,
      "username": "romeostuffs",
      "profile": "https://www.vinted.pl/member/129342031-romeostuffs",
      "profilePicture": "https://images1.vinted.net/t/03_02417_Ah3gRXDso9fS2L4xfM17gj3H/f800/1679521031.jpeg?s=e1f3fdd3f065780cfc69ff5d09248b927d214cda"
    },
    "category": 5
  },
  {
    "productId": 4816755308,
    "title": "Elegancka męska koszula w drobną kratkę biało granatowa z krótkim rękawem",
    "url": "https://www.vinted.pl/items/4816755308-elegancka-meska-koszula-w-drobna-kratke-bialo-granatowa-z-krotkim-rekawem",
    "image": "https://images1.vinted.net/tc/03_01c09_xQpR4ZVTBdjZpYuBAbxnm7e5/1722110497.jpeg?s=a69ff0a86fab0817cf5a6c2cdf46e4aa0dc4dba9",
    "promoted": false,
    "favourites": 11,
    "brand": "Ralph Lauren",
    "size": "L",
    "price": {
      "amount": "129.0",
      "currency": "PLN",
      "discount": null,
      "fees": "7.15",
      "totalAmount": "136.15"
    },
    "seller": {
      "userId": 94494201,
      "username": "adrianna_p20",
      "profile": "https://www.vinted.pl/member/94494201-adriannap20",
      "profilePicture": "https://images1.vinted.net/t/02_00e97_p4RY2M87T2949nH7nj41A8Mb/f800/1718834318.jpeg?s=f43a985a22797dc2c114776237c7a0221b6a798c"
    },
    "category": 5
  },
  {
    "productId": 4816627096,
    "title": "Ralph Lauren vintage retro oversize boxy shirt koszula z długim rękawem 90s swag streetwear rap y2k",
    "url": "https://www.vinted.pl/items/4816627096-ralph-lauren-vintage-retro-oversize-boxy-shirt-koszula-z-dlugim-rekawem-90s-swag-streetwear-rap-y2k",
    "image": "https://images1.vinted.net/tc/02_000e9_rFEt27LFD67jEVqbSuAujxNQ/1722107803.jpeg?s=560e88cb137aeceead16c90c375db37ed5ee9668",
    "promoted": false,
    "favourites": 0,
    "brand": "Ralph Lauren",
    "size": "L",
    "price": {
      "amount": "70.0",
      "currency": "PLN",
      "discount": null,
      "fees": "4.2",
      "totalAmount": "74.2"
    },
    "seller": {
      "userId": 157511327,
      "username": "moni3778400",
      "profile": "https://www.vinted.pl/member/157511327-moni3778400",
      "profilePicture": "https://images1.vinted.net/t/03_0225f_kCDJobuLEvk88nBFHEuArRRp/f800/1703252902.jpeg?s=a9f148f01811aa61e3b113aa9876dde60a03b04d"
    },
    "category": 5
  },
  {
    "productId": 4816750823,
    "title": "Czapka z daszkiem Ralph Lauren",
    "url": "https://www.vinted.pl/items/4816750823-czapka-z-daszkiem-ralph-lauren",
    "image": "https://images1.vinted.net/tc/02_00198_LtrCtNU3VEi35FTZjZT5KzE9/1722110395.jpeg?s=6141c9aef693a74891bcd020e358cf211ec7a778",
    "promoted": false,
    "favourites": 5,
    "brand": "Ralph Lauren",
    "size": "Uniwersalny",
    "price": {
      "amount": "149.0",
      "currency": "PLN",
      "discount": null,
      "fees": "8.15",
      "totalAmount": "157.15"
    },
    "seller": {
      "userId": 110678846,
      "username": "iwag2022",
      "profile": "https://www.vinted.pl/member/110678846-iwag2022",
      "profilePicture": "https://images1.vinted.net/t/02_0008b_6gqm6nRdL7RPjwCBXhRkxfiA/f800/1664134012.jpeg?s=4c05689592ab48bf2fb448108da503172d7ccb1d"
    },
    "category": 5
  },
  {
    "productId": 4816746647,
    "title": "Ralph Lauren rare chief keef y2k",
    "url": "https://www.vinted.pl/items/4816746647-ralph-lauren-rare-chief-keef-y2k",
    "image": "https://images1.vinted.net/tc/03_00c17_ahBeA1yLAcv28xnESLE6w8xa/1722110301.jpeg?s=242029801973a672c6e2b4856f44bdbf02c14bf4",
    "promoted": false,
    "favourites": 2,
    "brand": "Ralph Lauren",
    "size": "M",
    "price": {
      "amount": "132.76",
      "currency": "PLN",
      "discount": null,
      "fees": "7.34",
      "totalAmount": "140.1"
    },
    "seller": {
      "userId": 165152073,
      "username": "lorinc2939",
      "profile": "https://www.vinted.pl/member/165152073-lorinc2939",
      "profilePicture": null
    },
    "category": 5
  },
  {
    "productId": 4816739147,
    "title": "Polo Ralph Lauren koszulka męska rozmiar 44",
    "url": "https://www.vinted.pl/items/4816739147-polo-ralph-lauren-koszulka-meska-rozmiar-44",
    "image": "https://images1.vinted.net/tc/02_00139_tbUKRnk5ZFb3d3xkUGvemgVd/1722111353.jpeg?s=184de21e3a79023841d7c99cb845149f3b16ffd1",
    "promoted": false,
    "favourites": 0,
    "brand": "Ralph Lauren",
    "size": "44",
    "price": {
      "amount": "35.0",
      "currency": "PLN",
      "discount": null,
      "fees": "2.45",
      "totalAmount": "37.45"
    },
    "seller": {
      "userId": 96641946,
      "username": "margaret32543",
      "profile": "https://www.vinted.pl/member/96641946-margaret32543",
      "profilePicture": "https://images1.vinted.net/t/02_02487_D8rD72kdrbXGisttBrVcc71F/f800/1655049037.jpeg?s=26a2d54081c14669d40377316786d3d8d0a3cadb"
    },
    "category": 5
  },
  {
    "productId": 4816722457,
    "title": "bluzka ralph lauren vintage",
    "url": "https://www.vinted.pl/items/4816722457-bluzka-ralph-lauren-vintage",
    "image": "https://images1.vinted.net/tc/02_00925_mUoiDAUmuC756QvXzyg2RXmD/1722112270.jpeg?s=7ea922306b5293de0499791f0642a1666d8e35a8",
    "promoted": false,
    "favourites": 0,
    "brand": "Ralph Lauren",
    "size": "S",
    "price": {
      "amount": "170.0",
      "currency": "PLN",
      "discount": null,
      "fees": "9.2",
      "totalAmount": "179.2"
    },
    "seller": {
      "userId": 204420288,
      "username": "handstore33",
      "profile": "https://www.vinted.pl/member/204420288-handstore33",
      "profilePicture": "https://images1.vinted.net/t/02_00665_2RMgc4Gxi1BwC9zJMUYAJZMN/f800/1715425519.jpeg?s=34de63fb35657d054f624aae4a195ff4da63c72a"
    },
    "category": 5
  },
  {
    "productId": 4816729526,
    "title": "Tricou Ralph Lauren",
    "url": "https://www.vinted.pl/items/4816729526-tricou-ralph-lauren",
    "image": "https://images1.vinted.net/tc/01_0119b_9qGUvDu2LkSanQvHdwt1cmuJ/1722109918.jpeg?s=f7828a76fd666890fe2821144e451545ba1f894e",
    "promoted": false,
    "favourites": 2,
    "brand": "Ralph Lauren",
    "size": "S",
    "price": {
      "amount": "60.85",
      "currency": "PLN",
      "discount": null,
      "fees": "3.74",
      "totalAmount": "64.59"
    },
    "seller": {
      "userId": 183017338,
      "username": "iulian3106",
      "profile": "https://www.vinted.pl/member/183017338-iulian3106",
      "profilePicture": "https://images1.vinted.net/t/01_015a4_WKjYW4xYPTY88hULtcNQtavu/f800/1722001286.jpeg?s=98843dbecc25ea9e5fd6c7be59bd020da0a72cba"
    },
    "category": 5
  },
  {
    "productId": 4816712262,
    "title": "Zip hoodie",
    "url": "https://www.vinted.pl/items/4816712262-zip-hoodie",
    "image": "https://images1.vinted.net/tc/02_003d0_5eUT1mshi3QMqGmcbncoMQ5X/1722109548.jpeg?s=5bb3476e42b7099b883235624122115fd07b7f4c",
    "promoted": false,
    "favourites": 8,
    "brand": "Ralph Lauren",
    "size": "M",
    "price": {
      "amount": "184.16",
      "currency": "PLN",
      "discount": null,
      "fees": "9.91",
      "totalAmount": "194.07"
    },
    "seller": {
      "userId": 186017167,
      "username": "oscar0902",
      "profile": "https://www.vinted.pl/member/186017167-oscar0902",
      "profilePicture": "https://images1.vinted.net/t/02_0158c_hwMKTbbhygKJLWLMLtWGact9/f800/1707074948.jpeg?s=5cbef4ae5ace3e700bb83042e591ae0b1ccb4f8e"
    },
    "category": 5
  },
  {
    "productId": 4816707716,
    "title": "Shirt Ralph Lauren (M)",
    "url": "https://www.vinted.pl/items/4816707716-shirt-ralph-lauren-m",
    "image": "https://images1.vinted.net/tc/01_02024_8mi36jCdUYfWXDVirDyuMixg/1722109560.jpeg?s=302ca6d6910d3e35972539f7e32515e115ddb075",
    "promoted": false,
    "favourites": 5,
    "brand": "Ralph Lauren",
    "size": "M",
    "price": {
      "amount": "55.0",
      "currency": "PLN",
      "discount": null,
      "fees": "3.45",
      "totalAmount": "58.45"
    },
    "seller": {
      "userId": 151903145,
      "username": "irenapeda",
      "profile": "https://www.vinted.pl/member/151903145-irenapeda",
      "profilePicture": "https://images1.vinted.net/t/02_01171_kADvysbGHJTJUwwzj87KXKrS/f800/1688827690.jpeg?s=23d898fc1c88863693d56815ed4b4e1f02ac0547"
    },
    "category": 5
  },
  {
    "productId": 4487052163,
    "title": "Czerwone krótkie spodnie",
    "url": "https://www.vinted.pl/items/4487052163-czerwone-krotkie-spodnie",
    "image": "https://images1.vinted.net/tc/02_000cd_UqvqfWT79jCV8W7HqFi21DuQ/1715416718.jpeg?s=fd9522ff991acf29305d11b93f4d3b6d4f4434b2",
    "promoted": false,
    "favourites": 0,
    "brand": "Ralph Lauren",
    "size": "L",
    "price": {
      "amount": "100.0",
      "currency": "PLN",
      "discount": null,
      "fees": "5.7",
      "totalAmount": "105.7"
    },
    "seller": {
      "userId": 92273084,
      "username": "mela191919",
      "profile": "https://www.vinted.pl/member/92273084-mela191919",
      "profilePicture": "https://images1.vinted.net/t/02_0170f_UpQr38t7RaPsxGSCkGQR18Lr/f800/1652968815.jpeg?s=8bf538a5f5cb6f752d62386c45b7bc07afb98257"
    },
    "category": 5
  },
  {
    "productId": 4816704170,
    "title": "Ralph Lauren Polo Shirt koszulka y2k Swag chief keef USA rap hip hop",
    "url": "https://www.vinted.pl/items/4816704170-ralph-lauren-polo-shirt-koszulka-y2k-swag-chief-keef-usa-rap-hip-hop",
    "image": "https://images1.vinted.net/tc/03_0048d_KmNnyTVQUGmN83UVe68VLAjB/1722109375.jpeg?s=01146d5133780de0ef69cd6254b2c938e0671357",
    "promoted": false,
    "favourites": 0,
    "brand": "Ralph Lauren",
    "size": "L",
    "price": {
      "amount": "129.99",
      "currency": "PLN",
      "discount": null,
      "fees": "7.2",
      "totalAmount": "137.19"
    },
    "seller": {
      "userId": 90424313,
      "username": "kkosierkiewicz",
      "profile": "https://www.vinted.pl/member/90424313-kkosierkiewicz",
      "profilePicture": "https://images1.vinted.net/t/02_022eb_zNf1CNq7ywUAHRNK3Nh94mTS/f800/1652690911.jpeg?s=a13968098f167bc6ca7bd9c0d5b13c7630fe51db"
    },
    "category": 5
  },
  {
    "productId": 4816684801,
    "title": "Stone Island Polo casual basic certilogo",
    "url": "https://www.vinted.pl/items/4816684801-stone-island-polo-casual-basic-certilogo",
    "image": "https://images1.vinted.net/tc/03_023e2_MDNDemjoGKGTLPgjNEpYufGd/1722108970.jpeg?s=d79d313316962ee14dc6e1fd65916b10a3a37543",
    "promoted": false,
    "favourites": 0,
    "brand": "Stone Island",
    "size": "XXL",
    "price": {
      "amount": "150.0",
      "currency": "PLN",
      "discount": null,
      "fees": "8.2",
      "totalAmount": "158.2"
    },
    "seller": {
      "userId": 218826329,
      "username": "zofijka00",
      "profile": "https://www.vinted.pl/member/218826329-zofijka00",
      "profilePicture": "https://images1.vinted.net/t/02_011fe_yLu2mrzTGPK15irTvgkPiVNX/f800/1721834999.jpeg?s=7982aaa27c9abba253a563d34ce79ce0bc11057f"
    },
    "category": 5
  },
  {
    "productId": 4816607135,
    "title": "Koszula Polo Ralph Lauren",
    "url": "https://www.vinted.pl/items/4816607135-koszula-polo-ralph-lauren",
    "image": "https://images1.vinted.net/tc/01_01280_riAhDjcwa7x9XPWEZ8pGWy8D/1722107410.jpeg?s=b831267396e3bf4fb2e5c4babc7bf8d29ba0841d",
    "promoted": false,
    "favourites": 1,
    "brand": "Ralph Lauren",
    "size": "M",
    "price": {
      "amount": "80.0",
      "currency": "PLN",
      "discount": null,
      "fees": "4.7",
      "totalAmount": "84.7"
    },
    "seller": {
      "userId": 181129358,
      "username": "karolina5000",
      "profile": "https://www.vinted.pl/member/181129358-karolina5000",
      "profilePicture": null
    },
    "category": 5
  },
  {
    "productId": 4816569233,
    "title": "Koszula Ralph Lauren M",
    "url": "https://www.vinted.pl/items/4816569233-koszula-ralph-lauren-m",
    "image": "https://images1.vinted.net/tc/01_01d54_ediVS5DxVxrqpprhqXgge3GX/1722106680.jpeg?s=061dee4f6e7156ff01ab92c53e9518a93ab93ffe",
    "promoted": false,
    "favourites": 2,
    "brand": "Ralph Lauren",
    "size": "M",
    "price": {
      "amount": "89.0",
      "currency": "PLN",
      "discount": null,
      "fees": "5.15",
      "totalAmount": "94.15"
    },
    "seller": {
      "userId": 181129358,
      "username": "karolina5000",
      "profile": "https://www.vinted.pl/member/181129358-karolina5000",
      "profilePicture": null
    },
    "category": 5
  },
  {
    "productId": 4816679194,
    "title": "Krótkie spodenki dresowe Polo Ralph Lauren roz. M navy",
    "url": "https://www.vinted.pl/items/4816679194-krotkie-spodenki-dresowe-polo-ralph-lauren-roz-m-navy",
    "image": "https://images1.vinted.net/tc/02_018b4_Gd7EuX3fXc8kcVdXhVbeAx7u/1722108854.jpeg?s=d096e324b902fb30409194fbcd7ce27dd89cd41e",
    "promoted": false,
    "favourites": 2,
    "brand": "Ralph Lauren",
    "size": "M",
    "price": {
      "amount": "229.0",
      "currency": "PLN",
      "discount": null,
      "fees": "12.15",
      "totalAmount": "241.15"
    },
    "seller": {
      "userId": 91305322,
      "username": "m4r1s",
      "profile": "https://www.vinted.pl/member/91305322-m4r1s",
      "profilePicture": "https://images1.vinted.net/t/03_018b7_v84UyF4NVPp536YaPcHdweT9/f800/1670026073.jpeg?s=45c012dcc398bb8575aadae034acf1a2ec76b4b6"
    },
    "category": 5
  },
  {
    "productId": 4816671445,
    "title": "Krótkie spodenki dresowe Polo Ralph Lauren roz. M. Green",
    "url": "https://www.vinted.pl/items/4816671445-krotkie-spodenki-dresowe-polo-ralph-lauren-roz-m-green",
    "image": "https://images1.vinted.net/tc/01_011c7_gfy3gsJ3HMa718mqzECmupfP/1722108692.jpeg?s=cf361b5a7ac80f5e0aa39e74ef4308583a8137df",
    "promoted": false,
    "favourites": 6,
    "brand": "Ralph Lauren",
    "size": "M",
    "price": {
      "amount": "229.0",
      "currency": "PLN",
      "discount": null,
      "fees": "12.15",
      "totalAmount": "241.15"
    },
    "seller": {
      "userId": 91305322,
      "username": "m4r1s",
      "profile": "https://www.vinted.pl/member/91305322-m4r1s",
      "profilePicture": "https://images1.vinted.net/t/03_018b7_v84UyF4NVPp536YaPcHdweT9/f800/1670026073.jpeg?s=45c012dcc398bb8575aadae034acf1a2ec76b4b6"
    },
    "category": 5
  },
  {
    "productId": 4816656080,
    "title": "Polo Bear Ralph Lauren kepuraitė",
    "url": "https://www.vinted.pl/items/4816656080-polo-bear-ralph-lauren-kepuraite",
    "image": "https://images1.vinted.net/tc/02_01512_EEjrooeS5LFkCPY1Y2WGCBpd/1722108379.jpeg?s=c3955b8f61109c487381b1add272c4244f3f7c4f",
    "promoted": false,
    "favourites": 2,
    "brand": "Ralph Lauren",
    "size": "Uniwersalny",
    "price": {
      "amount": "121.0",
      "currency": "PLN",
      "discount": null,
      "fees": "6.75",
      "totalAmount": "127.75"
    },
    "seller": {
      "userId": 193681242,
      "username": "gjan116",
      "profile": "https://www.vinted.pl/member/193681242-gjan116",
      "profilePicture": null
    },
    "category": 5
  },
  {
    "productId": 4815720014,
    "title": "Biały long sleeve polo polówka chief keef old money małe mini logo pony Ralph Lauren",
    "url": "https://www.vinted.pl/items/4815720014-bialy-long-sleeve-polo-polowka-chief-keef-old-money-male-mini-logo-pony-ralph-lauren",
    "image": "https://images1.vinted.net/tc/01_01ec9_hsT1XmpLfvpuGhUSiPhnpNTb/1722094048.jpeg?s=9057fe9a69ccceba7f35a426f75fce925d6ccdf8",
    "promoted": false,
    "favourites": 4,
    "brand": "Ralph Lauren",
    "size": "M",
    "price": {
      "amount": "149.0",
      "currency": "PLN",
      "discount": null,
      "fees": "8.15",
      "totalAmount": "157.15"
    },
    "seller": {
      "userId": 191443855,
      "username": "ciuszkikrysii",
      "profile": "https://www.vinted.pl/member/191443855-ciuszkikrysii",
      "profilePicture": "https://images1.vinted.net/t/03_00cab_gNz2Dv5v5LPL2s8qxuRq6qgX/f800/1709729890.jpeg?s=f2eefdf5c4f0700b03a308c0971c8187a11834c1"
    },
    "category": 5
  },
  {
    "productId": 4816647517,
    "title": "koszula marki Ralph Lauren, rozmiar M",
    "url": "https://www.vinted.pl/items/4816647517-koszula-marki-ralph-lauren-rozmiar-m",
    "image": "https://images1.vinted.net/tc/03_00049_HVxPzVCe7x38zusYr5b8mbQK/1722108208.jpeg?s=e0e6b0b9e32466384f2ad1f34860a9eac7e16286",
    "promoted": false,
    "favourites": 4,
    "brand": "Ralph Lauren",
    "size": "M",
    "price": {
      "amount": "150.0",
      "currency": "PLN",
      "discount": null,
      "fees": "8.2",
      "totalAmount": "158.2"
    },
    "seller": {
      "userId": 199858951,
      "username": "goldsale1",
      "profile": "https://www.vinted.pl/member/199858951-goldsale1",
      "profilePicture": null
    },
    "category": 5
  },
  {
    "productId": 4816641888,
    "title": "Koszulka T-shirt Polo Bear by Ralph Lauren",
    "url": "https://www.vinted.pl/items/4816641888-koszulka-t-shirt-polo-bear-by-ralph-lauren",
    "image": "https://images1.vinted.net/tc/02_00c83_tqKtAMjmP9238Urt3BZyrJ42/1722108096.jpeg?s=3e2994505d9bf127c81fb8a00360b5f4bcebb705",
    "promoted": false,
    "favourites": 3,
    "brand": "Ralph Lauren",
    "size": "L",
    "price": {
      "amount": "189.0",
      "currency": "PLN",
      "discount": null,
      "fees": "10.15",
      "totalAmount": "199.15"
    },
    "seller": {
      "userId": 193910862,
      "username": "valentina.promotion",
      "profile": "https://www.vinted.pl/member/193910862-valentinapromotion",
      "profilePicture": "https://images1.vinted.net/t/02_02064_aE1F1sejb37ozu3zYDNgxrcG/f800/1715592753.jpeg?s=81c103dcb1c8e124d520bd719d6e4007b0e9e42b"
    },
    "category": 5
  },
  {
    "productId": 4816632043,
    "title": "Us polo assn väska",
    "url": "https://www.vinted.pl/items/4816632043-us-polo-assn-vaska",
    "image": "https://images1.vinted.net/tc/02_01aa9_ewHvYc35WcWmozr395g1z6p2/1722107901.jpeg?s=a61fe11b9ae1dc8b35e6c0a28ea9752cd8f21e61",
    "promoted": false,
    "favourites": 10,
    "brand": "Ralph Lauren",
    "size": null,
    "price": {
      "amount": "147.33",
      "currency": "PLN",
      "discount": null,
      "fees": "8.07",
      "totalAmount": "155.4"
    },
    "seller": {
      "userId": 184345367,
      "username": "emma453432",
      "profile": "https://www.vinted.pl/member/184345367-emma453432",
      "profilePicture": "https://images1.vinted.net/t/02_00c5b_XQDq4c3osPSYktee8B9QqJTg/f800/1713250696.jpeg?s=57519bb772f65bb61504ad497bf95935c98e8cde"
    },
    "category": 5
  },
  {
    "productId": 4816631254,
    "title": "Koszula w paski Ralph Lauren",
    "url": "https://www.vinted.pl/items/4816631254-koszula-w-paski-ralph-lauren",
    "image": "https://images1.vinted.net/tc/02_00480_wvXBUK6gfDVYzuJUt4CZgv3X/1722107884.jpeg?s=9a087d62823e7a3accd3e41b09b285c2a3638f80",
    "promoted": false,
    "favourites": 1,
    "brand": "Ralph Lauren",
    "size": "XXL",
    "price": {
      "amount": "40.0",
      "currency": "PLN",
      "discount": null,
      "fees": "2.7",
      "totalAmount": "42.7"
    },
    "seller": {
      "userId": 219021126,
      "username": "gabiko.96",
      "profile": "https://www.vinted.pl/member/219021126-gabiko96",
      "profilePicture": "https://images1.vinted.net/t/03_00445_4fb3vjb3wRhMMDqAuGvEiMMj/f800/1721933552.jpeg?s=58649dc1ba2c6e9231c0661cf5660d8e40136a8f"
    },
    "category": 5
  },
  {
    "productId": 4816528899,
    "title": "Bíla Ralph lauren košile",
    "url": "https://www.vinted.pl/items/4816528899-bila-ralph-lauren-kosile",
    "image": "https://images1.vinted.net/tc/01_001a5_yHJ9rms8VdRgBYHpMLPDdgyf/1722105913.jpeg?s=471b0c39e0b8e462e2ed5982eb3ef976c6a6964d",
    "promoted": false,
    "favourites": 0,
    "brand": "Ralph Lauren",
    "size": "S",
    "price": {
      "amount": "110.74",
      "currency": "PLN",
      "discount": null,
      "fees": "6.24",
      "totalAmount": "116.98"
    },
    "seller": {
      "userId": 127406760,
      "username": "viktor123445",
      "profile": "https://www.vinted.pl/member/127406760-viktor123445",
      "profilePicture": "https://images1.vinted.net/t/01_00df1_Soax3b7ZZgvFAA8nVmj2mouX/f800/1689450557.jpeg?s=bc901fe3ba0532e11a1684b7e7fc738efa96479d"
    },
    "category": 5
  },
  {
    "productId": 4816627706,
    "title": "Ralph Lauren póló",
    "url": "https://www.vinted.pl/items/4816627706-ralph-lauren-polo",
    "image": "https://images1.vinted.net/tc/02_022ab_HJHuGufefs2Py3rDz9DUeHzp/1722107815.jpeg?s=411a88bbea09a95bfeac937ade9cf73cfff9dfae",
    "promoted": false,
    "favourites": 0,
    "brand": "Ralph Lauren",
    "size": "S",
    "price": {
      "amount": "132.76",
      "currency": "PLN",
      "discount": null,
      "fees": "7.34",
      "totalAmount": "140.1"
    },
    "seller": {
      "userId": 137848077,
      "username": "sziluu",
      "profile": "https://www.vinted.pl/member/137848077-sziluu",
      "profilePicture": "https://images1.vinted.net/t/01_00bcd_i2PnG7NP4Q6tu1AiE1c5FvQe/f800/1718405612.jpeg?s=98ca1c71e90b83e06159ce5fbde933a8389b7b3f"
    },
    "category": 5
  },
  {
    "productId": 4816627317,
    "title": "14. Spodenki męskie",
    "url": "https://www.vinted.pl/items/4816627317-14-spodenki-meskie",
    "image": "https://images1.vinted.net/tc/03_010e2_627GcJPYDooLPypzuZkM4PDL/1722107807.jpeg?s=d7c80a06aa88c17a2ae45fbbce14b0d3cc74c94b",
    "promoted": false,
    "favourites": 0,
    "brand": "Ralph Lauren",
    "size": "4XL",
    "price": {
      "amount": "55.0",
      "currency": "PLN",
      "discount": null,
      "fees": "3.45",
      "totalAmount": "58.45"
    },
    "seller": {
      "userId": 90716407,
      "username": "19mojeperelki93",
      "profile": "https://www.vinted.pl/member/90716407-19mojeperelki93",
      "profilePicture": "https://images1.vinted.net/t/02_01a70_s62z2FQW5JRBK7CL8TagjJWD/f800/1652722900.jpeg?s=65c7bf08de2d5fe19d09286c1c4ab1c88509450d"
    },
    "category": 5
  },
  {
    "productId": 4816595178,
    "title": "Ralph Lauren kötött pulóver",
    "url": "https://www.vinted.pl/items/4816595178-ralph-lauren-kotott-pulover",
    "image": "https://images1.vinted.net/tc/01_023ea_2F4Dsx7Qqgin2Y5YQQnCx9yQ/1722107179.jpeg?s=c84abe287a6527e41faeecd2fe51ff5e1a6c1ecb",
    "promoted": false,
    "favourites": 1,
    "brand": "Ralph Lauren",
    "size": "S",
    "price": {
      "amount": "248.93",
      "currency": "PLN",
      "discount": null,
      "fees": "13.15",
      "totalAmount": "262.08"
    },
    "seller": {
      "userId": 137848077,
      "username": "sziluu",
      "profile": "https://www.vinted.pl/member/137848077-sziluu",
      "profilePicture": "https://images1.vinted.net/t/01_00bcd_i2PnG7NP4Q6tu1AiE1c5FvQe/f800/1718405612.jpeg?s=98ca1c71e90b83e06159ce5fbde933a8389b7b3f"
    },
    "category": 5
  },
  {
    "productId": 4816613551,
    "title": "Dubai Chief Keef Polo shirt",
    "url": "https://www.vinted.pl/items/4816613551-dubai-chief-keef-polo-shirt",
    "image": "https://images1.vinted.net/tc/03_00524_WbjQUg8xaca4iP5gDrLNnvFj/1722107535.jpeg?s=e7a25d95ee6cd45b6d9734e84ee8ab60643db916",
    "promoted": true,
    "favourites": 7,
    "brand": "Ralph Lauren",
    "size": "M",
    "price": {
      "amount": "173.87",
      "currency": "PLN",
      "discount": null,
      "fees": "9.39",
      "totalAmount": "183.26"
    },
    "seller": {
      "userId": 161880278,
      "username": "bedd1",
      "profile": "https://www.vinted.pl/member/161880278-bedd1",
      "profilePicture": "https://images1.vinted.net/t/03_01a9d_X44rh2oYaNKwPMoeDFtnPArm/f800/1717971439.jpeg?s=4005d45e3c15cccb8a273f5bffc8a247010d4a68"
    },
    "category": 5
  },
  {
    "productId": 4816613062,
    "title": "Koszula Ralph lauren",
    "url": "https://www.vinted.pl/items/4816613062-koszula-ralph-lauren",
    "image": "https://images1.vinted.net/tc/01_01975_wv4dTpiAv7aHjfB4ebznQZPE/1722107526.jpeg?s=86110586b4e1db875b3876c1091103b8b114b917",
    "promoted": false,
    "favourites": 2,
    "brand": "Ralph Lauren",
    "size": "S",
    "price": {
      "amount": "160.0",
      "currency": "PLN",
      "discount": null,
      "fees": "8.7",
      "totalAmount": "168.7"
    },
    "seller": {
      "userId": 95633084,
      "username": "blakaro",
      "profile": "https://www.vinted.pl/member/95633084-blakaro",
      "profilePicture": "https://images1.vinted.net/t/03_01f24_FFgR7ZjQwSnxPHfBmA5YXmwW/f800/1663669362.jpeg?s=c62a654004cd0594620d5f4a87c762f6e082dd49"
    },
    "category": 5
  },
  {
    "productId": 4816610012,
    "title": "Ralph Lauren póló",
    "url": "https://www.vinted.pl/items/4816610012-ralph-lauren-polo",
    "image": "https://images1.vinted.net/tc/03_0219e_M6UZ8Buf9gernYHenAn5W58n/1722107465.jpeg?s=5373e6b2ba80fe60ba1eb75e3e314cee22f633d1",
    "promoted": false,
    "favourites": 0,
    "brand": "Ralph Lauren",
    "size": "M",
    "price": {
      "amount": "132.76",
      "currency": "PLN",
      "discount": null,
      "fees": "7.34",
      "totalAmount": "140.1"
    },
    "seller": {
      "userId": 137848077,
      "username": "sziluu",
      "profile": "https://www.vinted.pl/member/137848077-sziluu",
      "profilePicture": "https://images1.vinted.net/t/01_00bcd_i2PnG7NP4Q6tu1AiE1c5FvQe/f800/1718405612.jpeg?s=98ca1c71e90b83e06159ce5fbde933a8389b7b3f"
    },
    "category": 5
  },
  {
    "productId": 4816594263,
    "title": "Koszula meska",
    "url": "https://www.vinted.pl/items/4816594263-koszula-meska",
    "image": "https://images1.vinted.net/tc/02_00ed1_Bks4LaDFsErvvA3sxmyW2HHG/1722107161.jpeg?s=e10f1de18690ea43f3c57b1d67507f5862c39bdf",
    "promoted": false,
    "favourites": 44,
    "brand": "Ralph Lauren",
    "size": "M",
    "price": {
      "amount": "55.0",
      "currency": "PLN",
      "discount": null,
      "fees": "3.45",
      "totalAmount": "58.45"
    },
    "seller": {
      "userId": 92457931,
      "username": "anecia92",
      "profile": "https://www.vinted.pl/member/92457931-anecia92",
      "profilePicture": "https://images1.vinted.net/t/03_02167_xyQnDfuNYnK5yL12oQgq1KJk/f800/1675152991.jpeg?s=f28d6c571428efc671b560463b3d7814fb657010"
    },
    "category": 5
  },
  {
    "productId": 4816586314,
    "title": "Bluza dresowa Ralph Lauren L",
    "url": "https://www.vinted.pl/items/4816586314-bluza-dresowa-ralph-lauren-l",
    "image": "https://images1.vinted.net/tc/03_0090e_ybQDodTG8ZvEcZfnpWRqKRzJ/1722107008.jpeg?s=a408f9d7a6b91a571dd9893024bd830839013e34",
    "promoted": false,
    "favourites": 1,
    "brand": "Ralph Lauren",
    "size": "L",
    "price": {
      "amount": "180.0",
      "currency": "PLN",
      "discount": null,
      "fees": "9.7",
      "totalAmount": "189.7"
    },
    "seller": {
      "userId": 181129358,
      "username": "karolina5000",
      "profile": "https://www.vinted.pl/member/181129358-karolina5000",
      "profilePicture": null
    },
    "category": 5
  },
  {
    "productId": 4816582187,
    "title": "Bluza dresowa Ralph Lauren L",
    "url": "https://www.vinted.pl/items/4816582187-bluza-dresowa-ralph-lauren-l",
    "image": "https://images1.vinted.net/tc/02_01cf8_zoizB98K2XJPzjme6Fqj2LNw/1722106928.jpeg?s=d159667bb69f65b975f6f90f484e481b5683fda9",
    "promoted": false,
    "favourites": 2,
    "brand": "Ralph Lauren",
    "size": "L",
    "price": {
      "amount": "180.0",
      "currency": "PLN",
      "discount": null,
      "fees": "9.7",
      "totalAmount": "189.7"
    },
    "seller": {
      "userId": 181129358,
      "username": "karolina5000",
      "profile": "https://www.vinted.pl/member/181129358-karolina5000",
      "profilePicture": null
    },
    "category": 5
  },
  {
    "productId": 4816576291,
    "title": "Spodnie dresowe Ralph Lauren M",
    "url": "https://www.vinted.pl/items/4816576291-spodnie-dresowe-ralph-lauren-m",
    "image": "https://images1.vinted.net/tc/03_02233_5tpMcRXGpsYjLwEw7WWiwXkS/1722106817.jpeg?s=216acfba23bad7f1308bb4c813a0f6fcfcdaa424",
    "promoted": false,
    "favourites": 5,
    "brand": "Ralph Lauren",
    "size": "M",
    "price": {
      "amount": "180.0",
      "currency": "PLN",
      "discount": null,
      "fees": "9.7",
      "totalAmount": "189.7"
    },
    "seller": {
      "userId": 181129358,
      "username": "karolina5000",
      "profile": "https://www.vinted.pl/member/181129358-karolina5000",
      "profilePicture": null
    },
    "category": 5
  },
  {
    "productId": 4816443975,
    "title": "Koszula Ralph Louren",
    "url": "https://www.vinted.pl/items/4816443975-koszula-ralph-louren",
    "image": "https://images1.vinted.net/tc/01_024f8_pd3XnDLdAQB7enPmYgRWw1m3/1722104368.jpeg?s=9a879ee83229fc928960926535d7820956811de1",
    "promoted": false,
    "favourites": 1,
    "brand": "Ralph Lauren",
    "size": "L",
    "price": {
      "amount": "78.0",
      "currency": "PLN",
      "discount": null,
      "fees": "4.6",
      "totalAmount": "82.6"
    },
    "seller": {
      "userId": 86295213,
      "username": "celesta_81",
      "profile": "https://www.vinted.pl/member/86295213-celesta81",
      "profilePicture": "https://images1.vinted.net/t/01_01bc9_7jyVy4WDGqY1juTrm1TseyeX/f800/1649163147.jpeg?s=d36ebfd1bb0aa6725b63e303a7036af3ff0c3b95"
    },
    "category": 5
  },
  {
    "productId": 4816136502,
    "title": "Ralph Lauren river galléros póló",
    "url": "https://www.vinted.pl/items/4816136502-ralph-lauren-river-galleros-polo",
    "image": "https://images1.vinted.net/tc/02_007a9_sQ7CNUNU5j5UR9JxAaHv2KHS/1722099444.jpeg?s=b59f7e18809a61c0f62ef7ae70b1f91efaec6d99",
    "promoted": false,
    "favourites": 0,
    "brand": "Ralph Lauren",
    "size": "XL",
    "price": {
      "amount": "88.4",
      "currency": "PLN",
      "discount": null,
      "fees": "5.12",
      "totalAmount": "93.52"
    },
    "seller": {
      "userId": 115959423,
      "username": "iamtamasbagi",
      "profile": "https://www.vinted.pl/member/115959423-iamtamasbagi",
      "profilePicture": "https://images1.vinted.net/t/03_01872_ckA6wrN2E9VepkQrNffLAXap/f800/1712666490.jpeg?s=b192a6074f6532df2c0da90c0075c2152a6c721d"
    },
    "category": 5
  },
  {
    "productId": 4816571114,
    "title": "Buty męskie Ralph Lauren",
    "url": "https://www.vinted.pl/items/4816571114-buty-meskie-ralph-lauren",
    "image": "https://images1.vinted.net/tc/03_006ad_eugw8yoPJoZUP1xtLBBSuTFv/1722106715.jpeg?s=c91b3159c81a1c399ce415639c1732affa5cdead",
    "promoted": false,
    "favourites": 0,
    "brand": "Ralph Lauren",
    "size": "47",
    "price": {
      "amount": "250.0",
      "currency": "PLN",
      "discount": null,
      "fees": "13.2",
      "totalAmount": "263.2"
    },
    "seller": {
      "userId": 154242880,
      "username": "mateuszgalka123",
      "profile": "https://www.vinted.pl/member/154242880-mateuszgalka123",
      "profilePicture": "https://images1.vinted.net/t/01_022bd_mfBLruJxuU4rKdgHJHxYAeGz/f800/1691244263.jpeg?s=966e7f026f1b2bfc1bfeb75bea2e03d64c20f0d0"
    },
    "category": 5
  },
  {
    "productId": 4815653807,
    "title": "Ralph lauren marškiniai",
    "url": "https://www.vinted.pl/items/4815653807-ralph-lauren-marskiniai",
    "image": "https://images1.vinted.net/tc/01_025c9_YEWKX15aJQcasVd8cYHx3n3j/1722093247.jpeg?s=0cbd5be6d5e7cc6ad4b57eec6d4140aee1c5bb43",
    "promoted": false,
    "favourites": 0,
    "brand": "Ralph Lauren",
    "size": "XXL",
    "price": {
      "amount": "64.82",
      "currency": "PLN",
      "discount": null,
      "fees": "3.94",
      "totalAmount": "68.76"
    },
    "seller": {
      "userId": 214859544,
      "username": "wegint",
      "profile": "https://www.vinted.pl/member/214859544-wegint",
      "profilePicture": "https://images1.vinted.net/t/03_01ed7_ugkHdBq6xV6Bg6GDaQCCR9mT/f800/1719842265.jpeg?s=981039610f812a926a881f6b067157db486974b9"
    },
    "category": 5
  },
  {
    "productId": 4816555743,
    "title": "Longsleeve Ralph Lauren",
    "url": "https://www.vinted.pl/items/4816555743-longsleeve-ralph-lauren",
    "image": "https://images1.vinted.net/tc/01_01d94_ikiNMVRoJcrF3qkEngySwnb1/1722106423.jpeg?s=4f0e8121e8f1f6d454df23db84dd5703c785d757",
    "promoted": false,
    "favourites": 17,
    "brand": "Ralph Lauren",
    "size": "M",
    "price": {
      "amount": "49.0",
      "currency": "PLN",
      "discount": null,
      "fees": "3.15",
      "totalAmount": "52.15"
    },
    "seller": {
      "userId": 189207427,
      "username": "niceshmot",
      "profile": "https://www.vinted.pl/member/189207427-niceshmot",
      "profilePicture": "https://images1.vinted.net/t/02_00265_8gF5FppUqaGaw7zeZqy7tnQy/f800/1720478127.jpeg?s=5c8a95bafda45c1c909a20722f04632a844d6cc0"
    },
    "category": 5
  },
  {
    "productId": 4816549562,
    "title": "Szara bawelniana koszula z przeplatanych nitek Ralph Lauren L XL",
    "url": "https://www.vinted.pl/items/4816549562-szara-bawelniana-koszula-z-przeplatanych-nitek-ralph-lauren-l-xl",
    "image": "https://images1.vinted.net/tc/03_000ea_MgUGiDmbn6KamwyAiYvX6gUD/1722106304.jpeg?s=88fbfa4fcc56224d14ab8611e6c83b4424f015ab",
    "promoted": false,
    "favourites": 0,
    "brand": "Ralph Lauren",
    "size": "XL",
    "price": {
      "amount": "80.0",
      "currency": "PLN",
      "discount": null,
      "fees": "4.7",
      "totalAmount": "84.7"
    },
    "seller": {
      "userId": 91383193,
      "username": "jaaaaaa34566",
      "profile": "https://www.vinted.pl/member/91383193-jaaaaaa34566",
      "profilePicture": "https://images1.vinted.net/t/02_01c5c_RpevE41tnaAqujdgj6D7xqz1/f800/1688817803.jpeg?s=9466e221430cd9bc125dcf3ed5f340c380dc865b"
    },
    "category": 5
  },
  {
    "productId": 4816548133,
    "title": "Polo Ralph lauren Xs/s",
    "url": "https://www.vinted.pl/items/4816548133-polo-ralph-lauren-xss",
    "image": "https://images1.vinted.net/tc/03_002f3_snGKvPAfEL2T57Fwo8gWzkGF/1722106276.jpeg?s=cc262eedfab7e823370ee3afe1e76a4570dc36bc",
    "promoted": false,
    "favourites": 3,
    "brand": "Ralph Lauren",
    "size": "XS",
    "price": {
      "amount": "150.0",
      "currency": "PLN",
      "discount": null,
      "fees": "8.2",
      "totalAmount": "158.2"
    },
    "seller": {
      "userId": 90889246,
      "username": "bojsan",
      "profile": "https://www.vinted.pl/member/90889246-bojsan",
      "profilePicture": "https://images1.vinted.net/t/03_0065c_hCkR88vrPweQAek7Rx1Vg697/f800/1652769132.jpeg?s=b8740b0b673d4931c2d86694b09bba744072bc28"
    },
    "category": 5
  },
  {
    "productId": 4816534883,
    "title": "Polo Ralph Lauren",
    "url": "https://www.vinted.pl/items/4816534883-polo-ralph-lauren",
    "image": "https://images1.vinted.net/tc/01_0107a_4V5yd8m8iNz4gmrmG4hiDDHR/1722106025.jpeg?s=8e7091d14f9814220e5ed3c51e67d5d1f8219044",
    "promoted": false,
    "favourites": 2,
    "brand": "Ralph Lauren",
    "size": "S",
    "price": {
      "amount": "57.91",
      "currency": "PLN",
      "discount": null,
      "fees": "3.6",
      "totalAmount": "61.51"
    },
    "seller": {
      "userId": 214429822,
      "username": "armantic",
      "profile": "https://www.vinted.pl/member/214429822-armantic",
      "profilePicture": "https://images1.vinted.net/t/03_02442_P161R1HArziSeQAqNjUTzKBS/f800/1719658408.jpeg?s=1bf179aa899d5376ff78b40d2660944d3e13c417"
    },
    "category": 5
  },
  {
    "productId": 4816534639,
    "title": "Koszulka w paski Ralph Lauren Active z kołnierzykiem.",
    "url": "https://www.vinted.pl/items/4816534639-koszulka-w-paski-ralph-lauren-active-z-kolnierzykiem",
    "image": "https://images1.vinted.net/tc/01_00977_iATS8V2jvtN1u3pJypWe6M8C/1722106021.jpeg?s=43a17af28427319046fcf73d099c3439d1ade3d4",
    "promoted": false,
    "favourites": 0,
    "brand": "Ralph Lauren",
    "size": "L",
    "price": {
      "amount": "30.0",
      "currency": "PLN",
      "discount": null,
      "fees": "2.2",
      "totalAmount": "32.2"
    },
    "seller": {
      "userId": 172447387,
      "username": "0utlander5",
      "profile": "https://www.vinted.pl/member/172447387-0utlander5",
      "profilePicture": null
    },
    "category": 5
  },
  {
    "productId": 4816531738,
    "title": "Koszulka Ralph Lauren niebieski L t-shirt",
    "url": "https://www.vinted.pl/items/4816531738-koszulka-ralph-lauren-niebieski-l-t-shirt",
    "image": "https://images1.vinted.net/tc/01_0105f_RXXriJE4KNR8vUqJ3CcxysFh/1722105966.jpeg?s=afec411d3aabbd10e42656f208723409808fd8f0",
    "promoted": false,
    "favourites": 2,
    "brand": "Ralph Lauren",
    "size": "L",
    "price": {
      "amount": "55.0",
      "currency": "PLN",
      "discount": null,
      "fees": "3.45",
      "totalAmount": "58.45"
    },
    "seller": {
      "userId": 209494251,
      "username": "matyldakorwin",
      "profile": "https://www.vinted.pl/member/209494251-matyldakorwin",
      "profilePicture": "https://images1.vinted.net/t/03_00682_pNPXEkTc2se4SJGeHhERMCAo/f800/1717521804.jpeg?s=8dfde0dd5fab9b57343071ccb060daa0a9d5e28c"
    },
    "category": 5
  },
  {
    "productId": 4816524477,
    "title": "Méregzöld Ralph Lauren póló",
    "url": "https://www.vinted.pl/items/4816524477-meregzold-ralph-lauren-polo",
    "image": "https://images1.vinted.net/tc/03_00a32_5Cw1WWGTpVVaPohXeyGLhz9H/1722105828.jpeg?s=fe4b4a9be83ec60cf007945fd242bb92a58c4916",
    "promoted": false,
    "favourites": 1,
    "brand": "Ralph Lauren",
    "size": "XS",
    "price": {
      "amount": "33.19",
      "currency": "PLN",
      "discount": null,
      "fees": "2.36",
      "totalAmount": "35.55"
    },
    "seller": {
      "userId": 128199257,
      "username": "ildiko291",
      "profile": "https://www.vinted.pl/member/128199257-ildiko291",
      "profilePicture": null
    },
    "category": 5
  },
  {
    "productId": 4816518048,
    "title": "Koszulka Polo Golf Ralph Lauren",
    "url": "https://www.vinted.pl/items/4816518048-koszulka-polo-golf-ralph-lauren",
    "image": "https://images1.vinted.net/tc/01_01692_zaTziyDNBL6zZ9ednXY6e3Pq/1722105708.jpeg?s=65b437a4450671a29ac4c378c385eaf9b295db41",
    "promoted": false,
    "favourites": 1,
    "brand": "Ralph Lauren",
    "size": "XL",
    "price": {
      "amount": "50.0",
      "currency": "PLN",
      "discount": null,
      "fees": "3.2",
      "totalAmount": "53.2"
    },
    "seller": {
      "userId": 90597788,
      "username": "ewela1258",
      "profile": "https://www.vinted.pl/member/90597788-ewela1258",
      "profilePicture": "https://images1.vinted.net/t/03_0006c_nzeRTXpgReoQmCSWVTtpbiAR/f800/1652711000.jpeg?s=bd76a4266b001a3b978aca25b055b3ca74b0687e"
    },
    "category": 5
  },
  {
    "productId": 4816509389,
    "title": "Bluza z kapturem rozpinana Polo Ralph Lauren nowa kolekcja zip hoodie bawełniana grubsza na lato",
    "url": "https://www.vinted.pl/items/4816509389-bluza-z-kapturem-rozpinana-polo-ralph-lauren-nowa-kolekcja-zip-hoodie-bawelniana-grubsza-na-lato",
    "image": "https://images1.vinted.net/tc/02_022e0_9AqoeKMMo5rKrb9wgEFUezdB/1722105546.jpeg?s=732f03f3a0426d0e4720a10ad78e372049f25841",
    "promoted": false,
    "favourites": 5,
    "brand": "Ralph Lauren",
    "size": "M",
    "price": {
      "amount": "189.0",
      "currency": "PLN",
      "discount": null,
      "fees": "10.15",
      "totalAmount": "199.15"
    },
    "seller": {
      "userId": 99021064,
      "username": "vintageshop456123",
      "profile": "https://www.vinted.pl/member/99021064-vintageshop456123",
      "profilePicture": "https://images1.vinted.net/t/02_014cf_PZL7JpK7xQDALirU6XHxnTpZ/f800/1656625829.jpeg?s=20b98d78ca9ed6fb2fe1de543bab3a39d16d7d17"
    },
    "category": 5
  },
  {
    "productId": 4791602133,
    "title": "PACK 3 koszulka- Polo Ralph Lauren and Fred Perry",
    "url": "https://www.vinted.pl/items/4791602133-pack-3-koszulka-polo-ralph-lauren-and-fred-perry",
    "image": "https://images1.vinted.net/tc/01_00b19_kHDW9NMeBUCsSbHRzxkUHAnL/1721576644.jpeg?s=940b09f66a63c240c4e29ec41f4f47e12055b234",
    "promoted": false,
    "favourites": 1,
    "brand": "Ralph Lauren",
    "size": "M",
    "price": {
      "amount": "130.0",
      "currency": "PLN",
      "discount": null,
      "fees": "7.2",
      "totalAmount": "137.2"
    },
    "seller": {
      "userId": 128654507,
      "username": "luizadantas",
      "profile": "https://www.vinted.pl/member/128654507-luizadantas",
      "profilePicture": "https://images1.vinted.net/t/03_01fb6_JvazxQLduFrjuBEWRFCWGhSk/f800/1673855364.jpeg?s=27833facf2759dd6cb0ade51156856f1f75bc17f"
    },
    "category": 5
  },
  {
    "productId": 4816503319,
    "title": "Ralph Lauren Polo",
    "url": "https://www.vinted.pl/items/4816503319-ralph-lauren-polo",
    "image": "https://images1.vinted.net/tc/02_01777_np1i1e2iqoTqRviWepUfYqVa/1722105433.jpeg?s=57672223117ded8255412612c1f9ae4df507bbc9",
    "promoted": false,
    "favourites": 6,
    "brand": "Ralph Lauren",
    "size": "L",
    "price": {
      "amount": "237.68",
      "currency": "PLN",
      "discount": null,
      "fees": "12.58",
      "totalAmount": "250.26"
    },
    "seller": {
      "userId": 165037253,
      "username": "lilpiatok",
      "profile": "https://www.vinted.pl/member/165037253-lilpiatok",
      "profilePicture": null
    },
    "category": 5
  },
  {
    "productId": 4816481869,
    "title": "Koszula bawełniana biała oxford Polo Ralph Lauren nowa kolekcja button down multicolor pony",
    "url": "https://www.vinted.pl/items/4816481869-koszula-bawelniana-biala-oxford-polo-ralph-lauren-nowa-kolekcja-button-down-multicolor-pony",
    "image": "https://images1.vinted.net/tc/02_02258_2ePCPYSJ2YDBx2vXEXC1yU3r/1722105039.jpeg?s=2c43f6fe81f2d3b1ba5176dd61aad44d5badc110",
    "promoted": false,
    "favourites": 3,
    "brand": "Ralph Lauren",
    "size": "M",
    "price": {
      "amount": "149.0",
      "currency": "PLN",
      "discount": null,
      "fees": "8.15",
      "totalAmount": "157.15"
    },
    "seller": {
      "userId": 99021064,
      "username": "vintageshop456123",
      "profile": "https://www.vinted.pl/member/99021064-vintageshop456123",
      "profilePicture": "https://images1.vinted.net/t/02_014cf_PZL7JpK7xQDALirU6XHxnTpZ/f800/1656625829.jpeg?s=20b98d78ca9ed6fb2fe1de543bab3a39d16d7d17"
    },
    "category": 5
  },
  {
    "productId": 4816468945,
    "title": "Ralph Lauren Polo dzemperis-",
    "url": "https://www.vinted.pl/items/4816468945-ralph-lauren-polo-dzemperis",
    "image": "https://images1.vinted.net/tc/03_00d85_UcWnemZrodWYSYaC1Jcn5JYQ/1722104808.jpeg?s=7edb03b1bf70986bfd7ed0410d73eff5c37e7237",
    "promoted": false,
    "favourites": 0,
    "brand": "Ralph Lauren",
    "size": "M",
    "price": {
      "amount": "64.82",
      "currency": "PLN",
      "discount": null,
      "fees": "3.94",
      "totalAmount": "68.76"
    },
    "seller": {
      "userId": 193810413,
      "username": "fiesus",
      "profile": "https://www.vinted.pl/member/193810413-fiesus",
      "profilePicture": "https://images1.vinted.net/t/01_0044f_FdmqxQpkhxKNHGz4XsjtihKL/f800/1710756881.jpeg?s=3654ce6bd6dfad3033769d28fddd342a41771067"
    },
    "category": 5
  },
  {
    "productId": 4816466663,
    "title": "Ralph Lauren polo",
    "url": "https://www.vinted.pl/items/4816466663-ralph-lauren-polo",
    "image": "https://images1.vinted.net/tc/03_01d80_xPR4AWeDLNJ6JsW9cYDkKgTD/1722104768.jpeg?s=18df102b56b34c13c586c78a8f3f84a1114ee2e0",
    "promoted": false,
    "favourites": 1,
    "brand": "Ralph Lauren",
    "size": "XL",
    "price": {
      "amount": "55.32",
      "currency": "PLN",
      "discount": null,
      "fees": "3.47",
      "totalAmount": "58.79"
    },
    "seller": {
      "userId": 216335383,
      "username": "kismateee",
      "profile": "https://www.vinted.pl/member/216335383-kismateee",
      "profilePicture": "https://images1.vinted.net/t/01_0171d_h1LwQdTk3QNsJ3vDKXPwfKXx/f800/1720552412.jpeg?s=d318ce1be5a0bddb32a9d5e5fbd85baa5adcd339"
    },
    "category": 5
  }
]