[
  {
    "productId": 4812187369,
    "title": "Ralph Lauren purple Polo t-shirt",
    "url": "https://www.vinted.pl/items/4812187369-ralph-lauren-purple-polo-t-shirt",
    "image": "https://images1.vinted.net/tc/01_02174_71YiqRJxxhj8D1xptpzPrs3X/1722008206.jpeg?s=444afb816bf672c5b91699357b708f9a349e79ff",
    "promoted": false,
    "favourites": 0,
    "brand": "Ralph Lauren",
    "size": "XXL",
    "price": {
      "amount": "40.0",
      "currency": "PLN",
      "discount": null,
      "fees": "2.7",
      "totalAmount": "42.7"
    },
    "seller": {
      "userId": 91678124,
      "username": "szafa_adiego",
      "profile": "https://www.vinted.pl/member/91678124-szafaadiego",
      "profilePicture": "https://images1.vinted.net/t/03_01c7e_ZgLW1nSha8ZzbSBgFFWSaq3G/f800/1706747009.jpeg?s=f163eb0207cc38af1c6d09c7c399dd3cee74b30d"
    },
    "category": 5
  },
  {
    "productId": 4812176462,
    "title": "Tricou",
    "url": "https://www.vinted.pl/items/4812176462-tricou",
    "image": "https://images1.vinted.net/tc/02_00118_i3T3vwEtdQPQUX6W7YmYAY5G/1722008058.jpeg?s=500fde3768ce4dc615f28cc5063e27759def92e1",
    "promoted": false,
    "favourites": 0,
    "brand": "Ralph Lauren",
    "size": "XL",
    "price": {
      "amount": "34.91",
      "currency": "PLN",
      "discount": null,
      "fees": "2.45",
      "totalAmount": "37.36"
    },
    "seller": {
      "userId": 218562460,
      "username": "ionyca2006",
      "profile": "https://www.vinted.pl/member/218562460-ionyca2006",
      "profilePicture": null
    },
    "category": 5
  },
  {
    "productId": 4812109144,
    "title": "Ralph Lauren polo langærmet",
    "url": "https://www.vinted.pl/items/4812109144-ralph-lauren-polo-langaermet",
    "image": "https://images1.vinted.net/tc/03_01bc2_HiWStEEViHJi3J7K9zEY3eP4/1722007154.jpeg?s=e70eab712c2ac1a5bcee6e38e372a4eb94c911f2",
    "promoted": false,
    "favourites": 0,
    "brand": "Ralph Lauren",
    "size": "XL",
    "price": {
      "amount": "11.62",
      "currency": "PLN",
      "discount": null,
      "fees": "1.28",
      "totalAmount": "12.9"
    },
    "seller": {
      "userId": 218640027,
      "username": "stefanielodal",
      "profile": "https://www.vinted.pl/member/218640027-stefanielodal",
      "profilePicture": "https://images1.vinted.net/t/03_00a57_9cQgrAGmckogvi8TJtsha2xE/f800/1721747152.jpeg?s=323e9ca6d63f0b51e5481ad634f3b9c1b0005f60"
    },
    "category": 5
  }
]