[
  {
    "productId": 4816974109,
    "title": "chief keef y2k polo",
    "url": "https://www.vinted.pl/items/4816974109-chief-keef-y2k-polo",
    "image": "https://images1.vinted.net/tc/02_00f41_eGZCBUVfoqMrPxoUteZYT6EM/1722117221.jpeg?s=bec3ace1e1b55871b30b2e84aa47fdcf51dbcf2f",
    "promoted": false,
    "favourites": 0,
    "brand": "Ralph Lauren",
    "size": "XL",
    "price": {
      "amount": "50.0",
      "currency": "PLN",
      "discount": null,
      "fees": "3.2",
      "totalAmount": "53.2"
    },
    "seller": {
      "userId": 99011833,
      "username": "zxid111",
      "profile": "https://www.vinted.pl/member/99011833-zxid111",
      "profilePicture": "https://images1.vinted.net/t/03_0084a_jMQnAjs87i2UM9ALmZQov4th/f800/1716328636.jpeg?s=41d026fb01f5c7155bf100c1f73e2af49b8eff78"
    },
    "category": 5
  },
  {
    "productId": 4816973624,
    "title": "Męska koszulka polo Ralph Lauren rozmiar L",
    "url": "https://www.vinted.pl/items/4816973624-meska-koszulka-polo-ralph-lauren-rozmiar-l",
    "image": "https://images1.vinted.net/tc/02_009b1_aG3k4VjYHC7J7Kbcq1RRzRB7/1722117199.jpeg?s=1ec21cf020d876289afce4a5c5cfa1f986d28e51",
    "promoted": false,
    "favourites": 0,
    "brand": "Ralph Lauren",
    "size": "L",
    "price": {
      "amount": "38.0",
      "currency": "PLN",
      "discount": null,
      "fees": "2.6",
      "totalAmount": "40.6"
    },
    "seller": {
      "userId": 106983278,
      "username": "cornel93",
      "profile": "https://www.vinted.pl/member/106983278-cornel93",
      "profilePicture": "https://images1.vinted.net/t/01_01247_uQMJUS6uT9wKM7qsfpFUWNov/f800/1664119886.jpeg?s=e698a2d151effb51d56f0b7b60eb3372379741f9"
    },
    "category": 5
  },
  {
    "productId": 4816952611,
    "title": "Bluza męska z długim rękawem Polo Ralph Lauren rozmiar M",
    "url": "https://www.vinted.pl/items/4816952611-bluza-meska-z-dlugim-rekawem-polo-ralph-lauren-rozmiar-m",
    "image": "https://images1.vinted.net/tc/03_005f4_Q78ExJfvCYcZsm9thqrrNLAw/1722116285.jpeg?s=b660bf92e6a1499bb8d14a247692196d35300c59",
    "promoted": false,
    "favourites": 0,
    "brand": "Ralph Lauren",
    "size": "M",
    "price": {
      "amount": "49.0",
      "currency": "PLN",
      "discount": null,
      "fees": "3.15",
      "totalAmount": "52.15"
    },
    "seller": {
      "userId": 171421794,
      "username": "perelki_z_szafy_zosi",
      "profile": "https://www.vinted.pl/member/171421794-perelkizszafyzosi",
      "profilePicture": "https://images1.vinted.net/t/03_00a1d_tti6oATAuZuNd8SDiC2CEdoR/f800/1699729898.jpeg?s=d68451c814bd3719ee74d1194cf232bc9d231d1f"
    },
    "category": 5
  },
  {
    "productId": 4816948796,
    "title": "T-shirt męski",
    "url": "https://www.vinted.pl/items/4816948796-t-shirt-meski",
    "image": "https://images1.vinted.net/tc/03_01486_wTQRxpdxXjc2aTz7qk8LSm4Y/1722116133.jpeg?s=e054247d0a1cbe45a80d233f1b3b8889f3c5301f",
    "promoted": false,
    "favourites": 0,
    "brand": "Ralph Lauren",
    "size": "L",
    "price": {
      "amount": "60.0",
      "currency": "PLN",
      "discount": null,
      "fees": "3.7",
      "totalAmount": "63.7"
    },
    "seller": {
      "userId": 168723254,
      "username": "zaniewkaa",
      "profile": "https://www.vinted.pl/member/168723254-zaniewkaa",
      "profilePicture": "https://images1.vinted.net/t/02_01a54_uY97GqmbNiHBpiqKdcENbX8X/f800/1698910649.jpeg?s=a09570c0f89137d73b281e8a799c1590ef67200a"
    },
    "category": 5
  },
  {
    "productId": 4816939614,
    "title": "Ralph Lauren",
    "url": "https://www.vinted.pl/items/4816939614-ralph-lauren",
    "image": "https://images1.vinted.net/tc/01_0126a_ZFRC2xQvuhVumpEggzkvaNQp/1722115780.jpeg?s=4d5f588f9f73c690c5410f86970866bde49d0a61",
    "promoted": false,
    "favourites": 0,
    "brand": "Ralph Lauren",
    "size": "M",
    "price": {
      "amount": "30.0",
      "currency": "PLN",
      "discount": null,
      "fees": "2.2",
      "totalAmount": "32.2"
    },
    "seller": {
      "userId": 218274916,
      "username": "1przyjdziesz23",
      "profile": "https://www.vinted.pl/member/218274916-1przyjdziesz23",
      "profilePicture": "https://images1.vinted.net/t/03_025e8_ACdQMAeVg5nE5Q1PzZiYx375/f800/1721570087.jpeg?s=7cbe44f3dff77dda37dc5a2939b4546c79419f31"
    },
    "category": 5
  },
  {
    "productId": 4816905291,
    "title": "Ralph Lauren spodenki szorty, rozmiar XL",
    "url": "https://www.vinted.pl/items/4816905291-ralph-lauren-spodenki-szorty-rozmiar-xl",
    "image": "https://images1.vinted.net/tc/01_0003a_wc6QsZdHUZ1qucefUQdqnpeM/1722114559.jpeg?s=52b03efeb39c15d06b3ea0d366d91a95919aaeb4",
    "promoted": false,
    "favourites": 0,
    "brand": "Ralph Lauren",
    "size": "XL",
    "price": {
      "amount": "79.0",
      "currency": "PLN",
      "discount": null,
      "fees": "4.65",
      "totalAmount": "83.65"
    },
    "seller": {
      "userId": 115237085,
      "username": "ralphtommy33",
      "profile": "https://www.vinted.pl/member/115237085-ralphtommy33",
      "profilePicture": "https://images1.vinted.net/t/02_00f26_izMFrg7K5DYa6TGnw4i1wbqH/f800/1713460102.jpeg?s=85bf760b1623f8867d85213665edd14152f4658a"
    },
    "category": 5
  },
  {
    "productId": 4816904828,
    "title": "polówka ralp laurent",
    "url": "https://www.vinted.pl/items/4816904828-polowka-ralp-laurent",
    "image": "https://images1.vinted.net/tc/03_02431_pwH1afNMsTDuuJSVLqvq6vvH/1722114543.jpeg?s=1a9faf1af7ac728335dbc0f0e32bc8f7e67f085d",
    "promoted": false,
    "favourites": 0,
    "brand": "Ralph Lauren",
    "size": "XL",
    "price": {
      "amount": "30.0",
      "currency": "PLN",
      "discount": null,
      "fees": "2.2",
      "totalAmount": "32.2"
    },
    "seller": {
      "userId": 108722073,
      "username": "roland_0",
      "profile": "https://www.vinted.pl/member/108722073-roland0",
      "profilePicture": "https://images1.vinted.net/t/03_00fcc_rXmhXLybbUTLRgfeJPJvwdZG/f800/1720610513.jpeg?s=377005e65a8a16036679114d4e92019895e4fb62"
    },
    "category": 5
  },
  {
    "productId": 4816892432,
    "title": "Ralph Lauren spodenki szorty, rozmiar L",
    "url": "https://www.vinted.pl/items/4816892432-ralph-lauren-spodenki-szorty-rozmiar-l",
    "image": "https://images1.vinted.net/tc/01_007bd_vpcewpsL152gsqWg6nYBe6ys/1722114140.jpeg?s=8ecc716c6cb6ad7309eb80eaec285fe880559a4a",
    "promoted": false,
    "favourites": 0,
    "brand": "Ralph Lauren",
    "size": "L",
    "price": {
      "amount": "79.0",
      "currency": "PLN",
      "discount": null,
      "fees": "4.65",
      "totalAmount": "83.65"
    },
    "seller": {
      "userId": 115237085,
      "username": "ralphtommy33",
      "profile": "https://www.vinted.pl/member/115237085-ralphtommy33",
      "profilePicture": "https://images1.vinted.net/t/02_00f26_izMFrg7K5DYa6TGnw4i1wbqH/f800/1713460102.jpeg?s=85bf760b1623f8867d85213665edd14152f4658a"
    },
    "category": 5
  },
  {
    "productId": 4816887704,
    "title": "Ralph Lauren spodenki szorty, rozmiar L",
    "url": "https://www.vinted.pl/items/4816887704-ralph-lauren-spodenki-szorty-rozmiar-l",
    "image": "https://images1.vinted.net/tc/01_01f15_1AmRzEKU6nDLzgS5ojPWRNZU/1722113993.jpeg?s=1c13f70be10ad553cfb912c207b6a618c6d1190a",
    "promoted": false,
    "favourites": 0,
    "brand": "Ralph Lauren",
    "size": "L",
    "price": {
      "amount": "79.0",
      "currency": "PLN",
      "discount": null,
      "fees": "4.65",
      "totalAmount": "83.65"
    },
    "seller": {
      "userId": 115237085,
      "username": "ralphtommy33",
      "profile": "https://www.vinted.pl/member/115237085-ralphtommy33",
      "profilePicture": "https://images1.vinted.net/t/02_00f26_izMFrg7K5DYa6TGnw4i1wbqH/f800/1713460102.jpeg?s=85bf760b1623f8867d85213665edd14152f4658a"
    },
    "category": 5
  },
  {
    "productId": 4816877028,
    "title": "Ralph lauren",
    "url": "https://www.vinted.pl/items/4816877028-ralph-lauren",
    "image": "https://images1.vinted.net/tc/02_022f1_F5cTSDkjExqQjM9SP74TkdKp/1722113672.jpeg?s=c666e8de189b754917647f2fa98761eb27ff7a6c",
    "promoted": false,
    "favourites": 0,
    "brand": "Ralph Lauren",
    "size": "M",
    "price": {
      "amount": "54.88",
      "currency": "PLN",
      "discount": null,
      "fees": "3.44",
      "totalAmount": "58.32"
    },
    "seller": {
      "userId": 154329163,
      "username": "felipeandersson",
      "profile": "https://www.vinted.pl/member/154329163-felipeandersson",
      "profilePicture": "https://images1.vinted.net/t/03_01ec7_o8ZQ1E8D7amjXBBEeWS3pBfN/f800/1710361883.jpeg?s=9732b1de5dacab47a3240a453b963923a33b13c0"
    },
    "category": 5
  },
  {
    "productId": 4816872247,
    "title": "Ralph Lauren spodenki szorty, rozmiar L",
    "url": "https://www.vinted.pl/items/4816872247-ralph-lauren-spodenki-szorty-rozmiar-l",
    "image": "https://images1.vinted.net/tc/02_00918_WrVME42sPRMuEKDUCPrRv4P6/1722113528.jpeg?s=d4d9c87d5957db7b2b7e1f0a1ffc926091227500",
    "promoted": false,
    "favourites": 0,
    "brand": "Ralph Lauren",
    "size": "L",
    "price": {
      "amount": "79.0",
      "currency": "PLN",
      "discount": null,
      "fees": "4.65",
      "totalAmount": "83.65"
    },
    "seller": {
      "userId": 115237085,
      "username": "ralphtommy33",
      "profile": "https://www.vinted.pl/member/115237085-ralphtommy33",
      "profilePicture": "https://images1.vinted.net/t/02_00f26_izMFrg7K5DYa6TGnw4i1wbqH/f800/1713460102.jpeg?s=85bf760b1623f8867d85213665edd14152f4658a"
    },
    "category": 5
  },
  {
    "productId": 4816868408,
    "title": "Męska czerwona koszulka polo Ralphlauren r. XL",
    "url": "https://www.vinted.pl/items/4816868408-meska-czerwona-koszulka-polo-ralphlauren-r-xl",
    "image": "https://images1.vinted.net/tc/03_000ac_AbFoudvv1cBQmCK6u1sqQYJx/1722113413.jpeg?s=e8100cb3fd6a932555b200a7434c5f2b0d875ae5",
    "promoted": false,
    "favourites": 0,
    "brand": "Ralph Lauren",
    "size": "XL",
    "price": {
      "amount": "50.0",
      "currency": "PLN",
      "discount": null,
      "fees": "3.2",
      "totalAmount": "53.2"
    },
    "seller": {
      "userId": 90975809,
      "username": "krysia19924",
      "profile": "https://www.vinted.pl/member/90975809-krysia19924",
      "profilePicture": "https://images1.vinted.net/t/01_002a5_NmrNcvK8ji4gJEgvUq8GDfa2/f800/1718820415.jpeg?s=97b824c94449b7180dc9a436a14d7f23550d0224"
    },
    "category": 5
  },
  {
    "productId": 4816863761,
    "title": "Ralph Lauren spodenki szorty, rozmiar L",
    "url": "https://www.vinted.pl/items/4816863761-ralph-lauren-spodenki-szorty-rozmiar-l",
    "image": "https://images1.vinted.net/tc/03_01a79_cVwrg8zuhqX1V7V4WNcBWzZ9/1722113277.jpeg?s=d92827c2b6553fe00c65a26f1f7b83b6699b94fe",
    "promoted": false,
    "favourites": 0,
    "brand": "Ralph Lauren",
    "size": "L",
    "price": {
      "amount": "79.0",
      "currency": "PLN",
      "discount": null,
      "fees": "4.65",
      "totalAmount": "83.65"
    },
    "seller": {
      "userId": 115237085,
      "username": "ralphtommy33",
      "profile": "https://www.vinted.pl/member/115237085-ralphtommy33",
      "profilePicture": "https://images1.vinted.net/t/02_00f26_izMFrg7K5DYa6TGnw4i1wbqH/f800/1713460102.jpeg?s=85bf760b1623f8867d85213665edd14152f4658a"
    },
    "category": 5
  },
  {
    "productId": 4816850244,
    "title": "Koszulka Ralph Lauren",
    "url": "https://www.vinted.pl/items/4816850244-koszulka-ralph-lauren",
    "image": "https://images1.vinted.net/tc/02_019cd_DBc7JHXYG3pDiwUjuaEaZJo7/1722112890.jpeg?s=1ec182b0be335a44a44633275c61126b96a608fa",
    "promoted": false,
    "favourites": 0,
    "brand": "Ralph Lauren",
    "size": "M",
    "price": {
      "amount": "50.0",
      "currency": "PLN",
      "discount": null,
      "fees": "3.2",
      "totalAmount": "53.2"
    },
    "seller": {
      "userId": 205380659,
      "username": "erykolek_231",
      "profile": "https://www.vinted.pl/member/205380659-erykolek231",
      "profilePicture": "https://images1.vinted.net/t/03_0140e_7qTmYFNyptL3Dhp8Wbup8mTH/f800/1715792689.jpeg?s=429d1e4bf74a3bd27741674b7a81480c3e1cdd95"
    },
    "category": 5
  },
  {
    "productId": 4816834502,
    "title": "Ralph Lauren Polo",
    "url": "https://www.vinted.pl/items/4816834502-ralph-lauren-polo",
    "image": "https://images1.vinted.net/tc/01_006fe_XasiMNnvkY96584cW6b5VGLg/1722112456.jpeg?s=09f16ccb11ccfaff63de445c9a37a38102b575c7",
    "promoted": false,
    "favourites": 0,
    "brand": "Ralph Lauren",
    "size": "L",
    "price": {
      "amount": "70.0",
      "currency": "PLN",
      "discount": null,
      "fees": "4.2",
      "totalAmount": "74.2"
    },
    "seller": {
      "userId": 216443726,
      "username": "nxxer",
      "profile": "https://www.vinted.pl/member/216443726-nxxer",
      "profilePicture": "https://images1.vinted.net/t/01_0074f_msrKhzAjotvJD3ThHYJbCeAj/f800/1720623941.jpeg?s=2f8483a33c54c9dfec8aeafa8f866362787b7e02"
    },
    "category": 5
  },
  {
    "productId": 4816814806,
    "title": "Vintage polo Ralph lauren",
    "url": "https://www.vinted.pl/items/4816814806-vintage-polo-ralph-lauren",
    "image": "https://images1.vinted.net/tc/01_01b3f_UjuGEau7zJAic4Tmp35Xn2Qh/1722111945.jpeg?s=59ae0f907ccf42432fc73b3ed0f7086a3e06f366",
    "promoted": false,
    "favourites": 0,
    "brand": "Ralph Lauren",
    "size": "XXL",
    "price": {
      "amount": "43.43",
      "currency": "PLN",
      "discount": null,
      "fees": "2.87",
      "totalAmount": "46.3"
    },
    "seller": {
      "userId": 219311468,
      "username": "f4bis0",
      "profile": "https://www.vinted.pl/member/219311468-f4bis0",
      "profilePicture": "https://images1.vinted.net/t/02_018be_qPhfDX7tpkN75xqxb9Zudtbn/f800/1722101876.jpeg?s=16b11f0e91c1698da89dafbc99c6a854ef19f961"
    },
    "category": 5
  },
  {
    "productId": 4816810216,
    "title": "Koszulka Polo Ralph Lauren ciemna zieleń",
    "url": "https://www.vinted.pl/items/4816810216-koszulka-polo-ralph-lauren-ciemna-zielen",
    "image": "https://images1.vinted.net/tc/03_01810_ibrnWmurEPTQy6jVaMNMzowU/1722111829.jpeg?s=5b7f305515413d19883459bdd87659d78565f6e2",
    "promoted": false,
    "favourites": 0,
    "brand": "Ralph Lauren",
    "size": "M",
    "price": {
      "amount": "50.0",
      "currency": "PLN",
      "discount": null,
      "fees": "3.2",
      "totalAmount": "53.2"
    },
    "seller": {
      "userId": 92336692,
      "username": "karmazynowa",
      "profile": "https://www.vinted.pl/member/92336692-karmazynowa",
      "profilePicture": "https://images1.vinted.net/t/02_011ef_NUcCKGywg23TQcd2UZJF41q4/f800/1687373494.jpeg?s=f536daf55c0c9af34107d3a23f0b72301361bb07"
    },
    "category": 5
  },
  {
    "productId": 4816807730,
    "title": "Tricou polo Ralph Lauren",
    "url": "https://www.vinted.pl/items/4816807730-tricou-polo-ralph-lauren",
    "image": "https://images1.vinted.net/tc/03_01512_eUHHKpP9aWaDtc83oXCQaVoL/1722111768.jpeg?s=81a8992d215d24a82d2d40f2e8d9e59b162707fd",
    "promoted": false,
    "favourites": 0,
    "brand": "Ralph Lauren",
    "size": "M",
    "price": {
      "amount": "36.51",
      "currency": "PLN",
      "discount": null,
      "fees": "2.53",
      "totalAmount": "39.04"
    },
    "seller": {
      "userId": 197507955,
      "username": "brecto09",
      "profile": "https://www.vinted.pl/member/197507955-brecto09",
      "profilePicture": "https://images1.vinted.net/t/01_003b1_3aAwdhLmdXAxrM9Bezqd37bm/f800/1719242602.jpeg?s=2c0c1093e0e9373d4d3850528aba40d6286a58a5"
    },
    "category": 5
  },
  {
    "productId": 4816785523,
    "title": "Polo Ralph Lauren 100% Cotton Zip Sweater Rozpinany Bawełniany Sweter Logo Haft 2000s Old Money",
    "url": "https://www.vinted.pl/items/4816785523-polo-ralph-lauren-100-cotton-zip-sweater-rozpinany-bawelniany-sweter-logo-haft-2000s-old-money",
    "image": "https://images1.vinted.net/tc/02_0223f_5GHkAHFWHZjp2Vc1Yr3b2FxM/1722111215.jpeg?s=d194aed40211a27784865bbf8eba570e36492b2b",
    "promoted": false,
    "favourites": 0,
    "brand": "Ralph Lauren",
    "size": "L",
    "price": {
      "amount": "99.99",
      "currency": "PLN",
      "discount": null,
      "fees": "5.7",
      "totalAmount": "105.69"
    },
    "seller": {
      "userId": 185045495,
      "username": "yankee025",
      "profile": "https://www.vinted.pl/member/185045495-yankee025",
      "profilePicture": "https://images1.vinted.net/t/01_02406_fXB5j176ysqPtXf5wj1NEiG6/f800/1706376649.jpeg?s=dce131c95abcc95333561e1b6d5ca9603b843a56"
    },
    "category": 5
  },
  {
    "productId": 4816770294,
    "title": "Czarna czapka Ralph Lauren",
    "url": "https://www.vinted.pl/items/4816770294-czarna-czapka-ralph-lauren",
    "image": "https://images1.vinted.net/tc/02_01393_gHDaGeSs2PDXR5NxfdTiBr22/1722110850.jpeg?s=d131709eb135d2e245bba1febcdeccc1d22391ee",
    "promoted": false,
    "favourites": 0,
    "brand": "Ralph Lauren",
    "size": "Uniwersalny",
    "price": {
      "amount": "80.0",
      "currency": "PLN",
      "discount": null,
      "fees": "4.7",
      "totalAmount": "84.7"
    },
    "seller": {
      "userId": 92721005,
      "username": "pablout1987",
      "profile": "https://www.vinted.pl/member/92721005-pablout1987",
      "profilePicture": "https://images1.vinted.net/t/01_00a84_udZkYUwgoorsRvT1RELFf3k5/f800/1653129627.jpeg?s=4392225469b06910279768506644887c161d5285"
    },
    "category": 5
  },
  {
    "productId": 4816707716,
    "title": "Shirt Ralph Lauren (M)",
    "url": "https://www.vinted.pl/items/4816707716-shirt-ralph-lauren-m",
    "image": "https://images1.vinted.net/tc/01_02024_8mi36jCdUYfWXDVirDyuMixg/1722109560.jpeg?s=302ca6d6910d3e35972539f7e32515e115ddb075",
    "promoted": false,
    "favourites": 0,
    "brand": "Ralph Lauren",
    "size": "M",
    "price": {
      "amount": "55.0",
      "currency": "PLN",
      "discount": null,
      "fees": "3.45",
      "totalAmount": "58.45"
    },
    "seller": {
      "userId": 151903145,
      "username": "irenapeda",
      "profile": "https://www.vinted.pl/member/151903145-irenapeda",
      "profilePicture": "https://images1.vinted.net/t/02_01171_kADvysbGHJTJUwwzj87KXKrS/f800/1688827690.jpeg?s=23d898fc1c88863693d56815ed4b4e1f02ac0547"
    },
    "category": 5
  }
]